set,model,place,kind,chip,ha_metric,om_metric,im_metric,reflectance,spectral,spatial,synthesis
inseason,bicubic_8date,hyderabad_charminar,urban,94100_59108,0.18892,0.58264,0.22844,0.00799,0.44442,0.0,0.09651
inseason,bicubic_8date,hyderabad_charminar,urban,94100_59112,0.21817,0.57798,0.20385,0.00764,0.43956,0.0,0.0882
inseason,bicubic_8date,hyderabad_charminar,urban,94100_59116,0.22922,0.57087,0.19991,0.00865,0.42961,0.0,0.09276
inseason,bicubic_8date,hyderabad_charminar,urban,94100_59120,0.30568,0.50198,0.19234,0.00878,0.37097,0.0,0.09064
inseason,bicubic_8date,hyderabad_charminar,urban,94104_59108,0.26447,0.54228,0.19325,0.00958,0.45549,0.0,0.09659
inseason,bicubic_8date,hyderabad_charminar,urban,94104_59112,0.22186,0.59161,0.18653,0.00836,0.46007,0.0,0.08704
inseason,bicubic_8date,hyderabad_charminar,urban,94104_59116,0.28603,0.47565,0.23832,0.00924,0.42247,0.0,0.10203
inseason,bicubic_8date,hyderabad_charminar,urban,94104_59120,0.26337,0.53596,0.20067,0.00858,0.41571,0.0,0.0947
inseason,bicubic_8date,hyderabad_charminar,urban,94108_59108,0.21636,0.59782,0.18582,0.00751,0.45662,0.0,0.09049
inseason,bicubic_8date,hyderabad_charminar,urban,94108_59112,0.25849,0.50772,0.23379,0.00881,0.41667,0.0,0.10057
inseason,bicubic_8date,hyderabad_charminar,urban,94108_59116,0.26225,0.47766,0.26009,0.00852,0.40901,0.0,0.10291
inseason,bicubic_8date,hyderabad_charminar,urban,94108_59120,0.2796,0.50642,0.21398,0.00824,0.39991,0.0,0.09797
inseason,bicubic_8date,hyderabad_charminar,urban,94112_59108,0.21574,0.59814,0.18612,0.00789,0.45109,0.0,0.09047
inseason,bicubic_8date,hyderabad_charminar,urban,94112_59112,0.2614,0.53549,0.20311,0.00912,0.43313,0.0,0.0987
inseason,bicubic_8date,hyderabad_charminar,urban,94112_59116,0.29385,0.50154,0.20461,0.00862,0.40968,0.0,0.10006
inseason,bicubic_8date,varanasi_ghats,urban,95748_56004,0.33324,0.41523,0.25153,0.0076,0.50029,0.0,0.09755
inseason,bicubic_8date,varanasi_ghats,urban,95752_56000,0.34035,0.42189,0.23776,0.00639,0.44775,0.02,0.09117
inseason,bicubic_8date,varanasi_ghats,urban,95752_56004,0.32984,0.43963,0.23053,0.0074,0.5362,0.0,0.08965
inseason,bicubic_8date,varanasi_ghats,urban,95752_56008,0.37844,0.40807,0.2135,0.01074,0.68685,0.0,0.10022
inseason,bicubic_8date,varanasi_ghats,urban,95756_55996,0.31192,0.46375,0.22433,0.00733,0.4955,0.02,0.08592
inseason,bicubic_8date,varanasi_ghats,urban,95756_56000,0.34215,0.41747,0.24038,0.00677,0.45107,0.0,0.0918
inseason,bicubic_8date,varanasi_ghats,urban,95756_56004,0.35238,0.44608,0.20154,0.00739,0.5051,0.0,0.09393
inseason,bicubic_8date,varanasi_ghats,urban,95756_56008,0.33282,0.50326,0.16392,0.00992,0.6533,0.0,0.0765
inseason,bicubic_8date,varanasi_ghats,urban,95756_56012,0.29535,0.47288,0.23177,0.00754,0.63851,0.0,0.06686
inseason,bicubic_8date,varanasi_ghats,urban,95760_55996,0.29229,0.49806,0.20964,0.00708,0.56946,0.0,0.08223
inseason,bicubic_8date,varanasi_ghats,urban,95760_56000,0.2397,0.5852,0.17509,0.00736,0.61832,0.0,0.07021
inseason,bicubic_8date,varanasi_ghats,urban,95760_56004,0.14323,0.29467,0.5621,0.00639,0.47292,0.0,0.06414
inseason,bicubic_8date,varanasi_ghats,urban,95760_56008,0.30496,0.38857,0.30647,0.00692,0.53577,0.0,0.03634
inseason,bicubic_8date,varanasi_ghats,urban,95760_56012,0.21383,0.48763,0.29854,0.00673,0.48863,0.0,0.04007
inseason,bicubic_8date,varanasi_ghats,urban,95764_56000,0.24948,0.49494,0.25559,0.00846,1.32885,0.0,0.04743
inseason,bicubic_8date,varanasi_ghats,urban,95764_56004,0.26502,0.52249,0.21249,0.00683,0.74926,0.0,0.06808
inseason,bicubic_8date,varanasi_ghats,urban,95764_56008,0.30439,0.45362,0.24199,0.00585,0.7711,0.0,0.06946
inseason,bicubic_8date,thanjavur_paddy,farmland,94340_61580,0.1422,0.39085,0.46695,0.01075,1.07296,0.0,0.12381
inseason,bicubic_8date,thanjavur_paddy,farmland,94340_61584,0.0631,0.80015,0.13675,0.01621,1.32814,0.0,0.04919
inseason,bicubic_8date,thanjavur_paddy,farmland,94340_61588,0.06385,0.80667,0.12947,0.01571,1.24191,0.0,0.04794
inseason,bicubic_8date,thanjavur_paddy,farmland,94344_61576,0.1269,0.48102,0.39208,0.00899,1.03192,0.0,0.08715
inseason,bicubic_8date,thanjavur_paddy,farmland,94344_61580,0.08597,0.45887,0.45516,0.01018,0.85884,0.0,0.06413
inseason,bicubic_8date,thanjavur_paddy,farmland,94344_61584,0.06526,0.72548,0.20925,0.01378,1.23521,0.0,0.04986
inseason,bicubic_8date,thanjavur_paddy,farmland,94344_61588,0.06599,0.7781,0.15591,0.01404,1.16108,0.0,0.0458
inseason,bicubic_8date,thanjavur_paddy,farmland,94344_61592,0.05658,0.77001,0.17341,0.01416,1.29106,0.0,0.03292
inseason,bicubic_8date,thanjavur_paddy,farmland,94348_61576,0.09087,0.33511,0.57402,0.01152,0.89342,0.0,0.10415
inseason,bicubic_8date,thanjavur_paddy,farmland,94348_61580,0.05361,0.74382,0.20257,0.01242,0.83394,0.0,0.0381
inseason,bicubic_8date,thanjavur_paddy,farmland,94348_61584,0.04669,0.82541,0.12791,0.01561,1.26772,0.0,0.025
inseason,bicubic_8date,thanjavur_paddy,farmland,94348_61588,0.0475,0.89104,0.06146,0.01541,1.05821,0.0,0.03446
inseason,bicubic_8date,thanjavur_paddy,farmland,94348_61592,0.04338,0.90335,0.05327,0.01662,1.02634,0.0,0.02406
inseason,bicubic_8date,thanjavur_paddy,farmland,94352_61576,0.21791,0.57539,0.2067,0.00969,1.11998,0.0,0.08498
inseason,bicubic_8date,thanjavur_paddy,farmland,94352_61580,0.08737,0.65892,0.25371,0.01081,0.96275,0.0,0.05956
inseason,bicubic_8date,thanjavur_paddy,farmland,94352_61584,0.06198,0.49145,0.44658,0.01426,1.32712,0.0,0.03974
inseason,bicubic_8date,thanjavur_paddy,farmland,94352_61588,0.05784,0.81462,0.12754,0.015,1.23572,0.0,0.03945
inseason,bicubic_8date,thanjavur_paddy,farmland,94356_61580,0.18117,0.66584,0.15299,0.00869,0.9544,0.0,0.0638
inseason,bicubic_8date,thanjavur_paddy,farmland,94356_61584,0.06162,0.45991,0.47847,0.01003,1.93203,0.0,0.04629
inseason,bicubic_8date,barmer_desert,desert,91520_55824,0.17616,0.68214,0.1417,0.00664,0.39098,0.0,0.0615
inseason,bicubic_8date,barmer_desert,desert,91520_55828,0.2269,0.64931,0.12379,0.00597,0.36456,0.0,0.07344
inseason,bicubic_8date,barmer_desert,desert,91524_55820,0.29316,0.53064,0.1762,0.00742,0.2799,0.0,0.07284
inseason,bicubic_8date,barmer_desert,desert,91524_55824,0.26844,0.49866,0.2329,0.01006,0.45208,0.0,0.07778
inseason,bicubic_8date,barmer_desert,desert,91524_55828,0.29417,0.55728,0.14854,0.01012,0.44302,0.0,0.08255
inseason,bicubic_8date,barmer_desert,desert,91524_55832,0.34603,0.46496,0.18901,0.00911,0.40057,0.0,0.08933
inseason,bicubic_8date,barmer_desert,desert,91528_55816,0.32153,0.51634,0.16213,0.00882,0.35244,0.0,0.06542
inseason,bicubic_8date,barmer_desert,desert,91528_55820,0.28998,0.55384,0.15617,0.01076,0.42002,0.0,0.06929
inseason,bicubic_8date,barmer_desert,desert,91528_55824,0.2501,0.59233,0.15758,0.00965,0.41844,0.0,0.05976
inseason,bicubic_8date,barmer_desert,desert,91528_55828,0.27904,0.59066,0.1303,0.01274,0.463,0.0,0.0768
inseason,bicubic_8date,barmer_desert,desert,91528_55832,0.35479,0.45738,0.18783,0.01152,0.37047,0.0,0.09409
inseason,bicubic_8date,barmer_desert,desert,91532_55820,0.13735,0.77322,0.08943,0.0087,0.41651,0.0,0.05303
inseason,bicubic_8date,barmer_desert,desert,91532_55824,0.09788,0.84373,0.05839,0.00972,0.45624,0.02,0.04215
inseason,bicubic_8date,barmer_desert,desert,91532_55828,0.04776,0.90021,0.05203,0.01038,0.43704,0.0,0.02834
inseason,bicubic_8date,barmer_desert,desert,91532_55832,0.26983,0.60074,0.12943,0.01024,0.42705,0.0,0.05685
inseason,bicubic_8date,barmer_desert,desert,91536_55824,0.22785,0.6669,0.10525,0.01112,0.50175,0.0,0.06928
inseason,bicubic_8date,barmer_desert,desert,91536_55828,0.20618,0.66702,0.12679,0.01021,0.51986,0.0,0.07108
inseason,bicubic_8date,wayanad_forest,forest,93244_61248,0.1484,0.24408,0.60752,0.0036,0.63597,0.02,0.10497
inseason,bicubic_8date,wayanad_forest,forest,93244_61252,0.1523,0.24361,0.60409,0.00523,0.80678,0.0,0.10061
inseason,bicubic_8date,wayanad_forest,forest,93248_61244,0.07071,0.15772,0.77157,0.00419,0.63429,0.0,0.12009
inseason,bicubic_8date,wayanad_forest,forest,93248_61248,0.04566,0.09563,0.85872,0.00311,0.67141,0.0,0.13481
inseason,bicubic_8date,wayanad_forest,forest,93248_61252,0.06621,0.14964,0.78416,0.00326,0.64983,0.0,0.12742
inseason,bicubic_8date,wayanad_forest,forest,93248_61256,0.0899,0.23307,0.67702,0.00327,0.61537,0.0,0.11137
inseason,bicubic_8date,wayanad_forest,forest,93252_61240,0.03454,0.06583,0.89963,0.00294,0.74032,0.0,0.14281
inseason,bicubic_8date,wayanad_forest,forest,93252_61244,0.03936,0.10298,0.85765,0.00468,0.65467,0.0,0.12232
inseason,bicubic_8date,wayanad_forest,forest,93252_61248,0.03764,0.08466,0.8777,0.00324,0.62815,0.0,0.13553
inseason,bicubic_8date,wayanad_forest,forest,93252_61252,0.04657,0.12625,0.82718,0.00375,0.65399,0.0,0.13755
inseason,bicubic_8date,wayanad_forest,forest,93252_61256,0.04795,0.14571,0.80634,0.00325,0.6214,0.0,0.12086
inseason,bicubic_8date,wayanad_forest,forest,93256_61244,0.04323,0.1146,0.84218,0.00344,0.65255,0.0,0.13095
inseason,bicubic_8date,wayanad_forest,forest,93256_61248,0.03965,0.08745,0.8729,0.00293,0.66369,0.0,0.12746
inseason,bicubic_8date,wayanad_forest,forest,93256_61252,0.04553,0.12549,0.82898,0.00358,0.66967,0.0,0.11835
inseason,bicubic_8date,wayanad_forest,forest,93256_61256,0.04505,0.13393,0.82102,0.00372,0.64694,0.0,0.10738
inseason,bicubic_8date,wayanad_forest,forest,93260_61248,0.04023,0.09968,0.86009,0.0035,0.62582,0.0,0.11877
inseason,bicubic_8date,wayanad_forest,forest,93260_61252,0.04237,0.11042,0.84721,0.00334,0.66248,0.0,0.12206
inseason,bicubic_8date,shillong_hills,hills,98984_55892,0.2067,0.54283,0.25047,0.00656,0.91545,0.0,0.11824
inseason,bicubic_8date,shillong_hills,hills,98984_55896,0.15894,0.58835,0.25271,0.00667,0.82482,0.0,0.1198
inseason,bicubic_8date,shillong_hills,hills,98984_55900,0.1852,0.47774,0.33706,0.00609,0.84577,0.0,0.12621
inseason,bicubic_8date,shillong_hills,hills,98988_55888,0.1762,0.46359,0.3602,0.00631,0.79487,0.0,0.13799
inseason,bicubic_8date,shillong_hills,hills,98988_55892,0.19285,0.40022,0.40693,0.00532,1.10442,0.0,0.12441
inseason,bicubic_8date,shillong_hills,hills,98988_55896,0.17829,0.56097,0.26074,0.0063,0.91332,0.0,0.11602
inseason,bicubic_8date,shillong_hills,hills,98988_55900,0.18745,0.51828,0.29427,0.00673,0.92898,0.0,0.12026
inseason,bicubic_8date,shillong_hills,hills,98988_55904,0.22341,0.40426,0.37234,0.00428,1.02039,0.0,0.09087
inseason,bicubic_8date,shillong_hills,hills,98992_55888,0.18624,0.3563,0.45746,0.0051,1.11865,0.0,0.11634
inseason,bicubic_8date,shillong_hills,hills,98992_55892,0.19681,0.39608,0.40711,0.00494,0.88888,0.0,0.12882
inseason,bicubic_8date,shillong_hills,hills,98992_55896,0.20265,0.54258,0.25477,0.00643,0.97999,0.0,0.11382
inseason,bicubic_8date,shillong_hills,hills,98992_55900,0.17431,0.47737,0.34832,0.0069,0.8291,0.0,0.12816
inseason,bicubic_8date,shillong_hills,hills,98992_55904,0.23285,0.34946,0.4177,0.0035,1.07746,0.0,0.09346
inseason,bicubic_8date,shillong_hills,hills,98996_55888,0.16992,0.23698,0.5931,0.00365,0.88943,0.0,0.12949
inseason,bicubic_8date,shillong_hills,hills,98996_55892,0.20089,0.48154,0.31757,0.00712,0.68224,0.0,0.13304
inseason,bicubic_8date,shillong_hills,hills,98996_55896,0.20177,0.52982,0.26841,0.00611,0.88292,0.0,0.1081
inseason,bicubic_8date,shillong_hills,hills,98996_55900,0.21821,0.50926,0.27253,0.00736,0.73519,0.0,0.11664
inseason,bicubic_8date,shillong_hills,hills,99000_55892,0.21044,0.4741,0.31546,0.00631,0.84505,0.0,0.10143
inseason,bicubic_8date,shillong_hills,hills,99000_55896,0.17939,0.52277,0.29784,0.00742,0.78331,0.0,0.11494
inseason,bicubic_8date,lachung_sikkim,snow,97836_55036,0.06463,0.10198,0.83339,0.00332,0.67829,0.0,0.4479
inseason,bicubic_8date,lachung_sikkim,snow,97840_55028,0.07817,0.26372,0.65811,0.00814,0.77876,0.0,0.22567
inseason,bicubic_8date,lachung_sikkim,snow,97840_55032,0.07895,0.13145,0.7896,0.00325,0.72741,0.0,0.34757
inseason,bicubic_8date,lachung_sikkim,snow,97840_55036,0.07274,0.16693,0.76032,0.00309,0.61225,0.0,0.37613
inseason,bicubic_8date,lachung_sikkim,snow,97840_55040,0.09673,0.21351,0.68976,0.00328,0.75276,0.0,0.33186
inseason,bicubic_8date,lachung_sikkim,snow,97844_55032,0.05678,0.08776,0.85546,0.00295,0.75396,0.02,0.36844
inseason,bicubic_8date,lachung_sikkim,snow,97844_55036,0.06571,0.21427,0.72002,0.00579,0.73636,0.0,0.22302
inseason,bicubic_8date,lachung_sikkim,snow,97844_55040,0.04103,0.05981,0.89916,0.00465,1.48677,0.0,0.16643
inseason,bicubic_8date,lachung_sikkim,snow,97848_55036,0.04815,0.10754,0.84431,0.00509,0.67633,0.0,0.1415
inseason,bicubic_8date,lachung_sikkim,snow,97848_55040,0.07984,0.17379,0.74637,0.0035,2.10536,0.0,0.1405
inseason,bicubic_8date,lachung_sikkim,snow,97848_55044,0.14632,0.23042,0.62326,0.0034,2.48107,0.0,0.09745
inseason,bicubic_8date,lachung_sikkim,snow,97852_55036,0.05173,0.11144,0.83683,0.00304,0.88632,0.0,0.15513
inseason,bicubic_8date,lachung_sikkim,snow,97852_55040,0.13039,0.24596,0.62366,0.0028,2.08715,0.0,0.12275
offseason,bicubic_8date,hyderabad_charminar,urban,94100_59108,0.32915,0.42792,0.24293,0.00961,0.47148,0.0,0.0813
offseason,bicubic_8date,hyderabad_charminar,urban,94100_59112,0.21698,0.68026,0.10276,0.00912,0.47067,0.0,0.06137
offseason,bicubic_8date,hyderabad_charminar,urban,94100_59116,0.3346,0.45651,0.20889,0.00978,0.45326,0.0,0.08176
offseason,bicubic_8date,hyderabad_charminar,urban,94100_59120,0.38243,0.40252,0.21505,0.00887,0.3495,0.0,0.09775
offseason,bicubic_8date,hyderabad_charminar,urban,94104_59108,0.35827,0.39881,0.24293,0.01018,0.41605,0.0,0.08914
offseason,bicubic_8date,hyderabad_charminar,urban,94104_59112,0.29733,0.54364,0.15902,0.00909,0.47942,0.0,0.07213
offseason,bicubic_8date,hyderabad_charminar,urban,94104_59116,0.3619,0.4019,0.23621,0.00945,0.38757,0.0,0.09964
offseason,bicubic_8date,hyderabad_charminar,urban,94104_59120,0.35652,0.39573,0.24775,0.00929,0.40058,0.0,0.0946
offseason,bicubic_8date,hyderabad_charminar,urban,94108_59108,0.26482,0.60479,0.13039,0.00912,0.51291,0.02,0.06207
offseason,bicubic_8date,hyderabad_charminar,urban,94108_59112,0.35576,0.40993,0.23431,0.0093,0.40847,0.0,0.09116
offseason,bicubic_8date,hyderabad_charminar,urban,94108_59116,0.36128,0.41443,0.22429,0.00866,0.36549,0.0,0.09584
offseason,bicubic_8date,hyderabad_charminar,urban,94108_59120,0.35834,0.40011,0.24155,0.00879,0.36209,0.0,0.09829
offseason,bicubic_8date,hyderabad_charminar,urban,94112_59108,0.31827,0.51821,0.16352,0.0092,0.48093,0.0,0.0744
offseason,bicubic_8date,hyderabad_charminar,urban,94112_59112,0.36099,0.40098,0.23804,0.00934,0.40636,0.0,0.09861
offseason,bicubic_8date,hyderabad_charminar,urban,94112_59116,0.37498,0.41375,0.21126,0.00861,0.36201,0.0,0.09825
offseason,bicubic_8date,varanasi_ghats,urban,95748_56004,0.35442,0.36294,0.28264,0.00941,0.54911,0.0,0.09691
offseason,bicubic_8date,varanasi_ghats,urban,95752_56000,0.31988,0.38991,0.2902,0.00815,0.48335,0.0,0.09635
offseason,bicubic_8date,varanasi_ghats,urban,95752_56004,0.35043,0.3634,0.28617,0.00842,0.48301,0.0,0.09823
offseason,bicubic_8date,varanasi_ghats,urban,95752_56008,0.23018,0.62777,0.14205,0.00767,0.46526,0.0,0.07095
offseason,bicubic_8date,varanasi_ghats,urban,95756_55996,0.3379,0.34012,0.32199,0.00795,0.42029,0.0,0.10241
offseason,bicubic_8date,varanasi_ghats,urban,95756_56000,0.3479,0.36203,0.29006,0.00807,0.44005,0.0,0.10207
offseason,bicubic_8date,varanasi_ghats,urban,95756_56004,0.22121,0.59222,0.18657,0.00817,0.4758,0.0,0.09056
offseason,bicubic_8date,varanasi_ghats,urban,95756_56008,0.05168,0.41112,0.53721,0.00855,0.87636,0.02,0.06872
offseason,bicubic_8date,varanasi_ghats,urban,95756_56012,0.05072,0.4617,0.48758,0.00824,0.6823,0.0,0.07166
offseason,bicubic_8date,varanasi_ghats,urban,95760_55996,0.3446,0.42543,0.22997,0.01276,1.34278,0.0,0.08181
offseason,bicubic_8date,varanasi_ghats,urban,95760_56000,0.10324,0.62625,0.27051,0.00857,0.79591,0.0,0.07721
offseason,bicubic_8date,varanasi_ghats,urban,95760_56004,0.0371,0.19587,0.76703,0.00655,0.6301,0.0,0.07546
offseason,bicubic_8date,varanasi_ghats,urban,95760_56008,0.30857,0.39215,0.29928,0.00679,0.29462,0.0,0.04892
offseason,bicubic_8date,varanasi_ghats,urban,95760_56012,0.31222,0.39061,0.29717,0.0067,0.27018,0.0,0.07163
offseason,bicubic_8date,varanasi_ghats,urban,95764_56000,0.07778,0.42356,0.49866,0.00809,0.90156,0.02,0.08324
offseason,bicubic_8date,varanasi_ghats,urban,95764_56004,0.34305,0.31263,0.34433,0.00972,0.89789,0.0,0.105
offseason,bicubic_8date,varanasi_ghats,urban,95764_56008,0.34715,0.35818,0.29467,0.00681,0.42573,0.0,0.09563
offseason,bicubic_8date,thanjavur_paddy,farmland,94340_61580,0.13594,0.31308,0.55098,0.00898,1.00244,0.0,0.15751
offseason,bicubic_8date,thanjavur_paddy,farmland,94340_61584,0.18582,0.60346,0.21072,0.01147,0.86709,0.0,0.08862
offseason,bicubic_8date,thanjavur_paddy,farmland,94340_61588,0.15193,0.65667,0.1914,0.0113,0.90416,0.0,0.09091
offseason,bicubic_8date,thanjavur_paddy,farmland,94344_61576,0.17991,0.46078,0.3593,0.00959,1.3329,0.0,0.10834
offseason,bicubic_8date,thanjavur_paddy,farmland,94344_61580,0.1807,0.48359,0.33571,0.00997,0.91074,0.0,0.0974
offseason,bicubic_8date,thanjavur_paddy,farmland,94344_61584,0.16765,0.6356,0.19675,0.01006,0.85223,0.0,0.08289
offseason,bicubic_8date,thanjavur_paddy,farmland,94344_61588,0.15111,0.65803,0.19086,0.01033,0.88124,0.02,0.08238
offseason,bicubic_8date,thanjavur_paddy,farmland,94344_61592,0.10163,0.77341,0.12496,0.01032,0.8894,0.0,0.06167
offseason,bicubic_8date,thanjavur_paddy,farmland,94348_61576,0.11646,0.32992,0.55362,0.01021,1.0777,0.0,0.14202
offseason,bicubic_8date,thanjavur_paddy,farmland,94348_61580,0.1542,0.66971,0.1761,0.01064,0.82436,0.0,0.07249
offseason,bicubic_8date,thanjavur_paddy,farmland,94348_61584,0.08604,0.81055,0.10341,0.01122,0.76511,0.0,0.05874
offseason,bicubic_8date,thanjavur_paddy,farmland,94348_61588,0.12142,0.76016,0.11842,0.01136,0.73145,0.0,0.06585
offseason,bicubic_8date,thanjavur_paddy,farmland,94348_61592,0.11784,0.79765,0.08451,0.01168,0.69844,0.0,0.06084
offseason,bicubic_8date,thanjavur_paddy,farmland,94352_61576,0.08285,0.28119,0.63596,0.00764,1.41168,0.02,0.16753
offseason,bicubic_8date,thanjavur_paddy,farmland,94352_61580,0.15073,0.44153,0.40773,0.00929,0.97169,0.0,0.10927
offseason,bicubic_8date,thanjavur_paddy,farmland,94352_61584,0.12143,0.67537,0.2032,0.01013,0.8498,0.0,0.07494
offseason,bicubic_8date,thanjavur_paddy,farmland,94352_61588,0.14253,0.67954,0.17794,0.00978,0.80732,0.0,0.07994
offseason,bicubic_8date,thanjavur_paddy,farmland,94356_61580,0.15947,0.49655,0.34398,0.00813,1.11688,0.0,0.10206
offseason,bicubic_8date,thanjavur_paddy,farmland,94356_61584,0.2752,0.35294,0.37185,0.00631,1.11514,0.0,0.08231
offseason,bicubic_8date,barmer_desert,desert,91520_55824,0.32754,0.45351,0.21895,0.00823,0.41254,0.0,0.08403
offseason,bicubic_8date,barmer_desert,desert,91520_55828,0.35838,0.43931,0.2023,0.00656,0.37977,0.0,0.08657
offseason,bicubic_8date,barmer_desert,desert,91524_55820,0.2743,0.62222,0.10348,0.01047,0.50015,0.0,0.05657
offseason,bicubic_8date,barmer_desert,desert,91524_55824,0.22113,0.64627,0.1326,0.01322,0.81285,0.0,0.04796
offseason,bicubic_8date,barmer_desert,desert,91524_55828,0.22379,0.69183,0.08439,0.01431,0.80855,0.0,0.04842
offseason,bicubic_8date,barmer_desert,desert,91524_55832,0.27567,0.60442,0.11991,0.01308,0.73534,0.0,0.05765
offseason,bicubic_8date,barmer_desert,desert,91528_55816,0.2238,0.67663,0.09957,0.01003,0.47485,0.0,0.04889
offseason,bicubic_8date,barmer_desert,desert,91528_55820,0.25231,0.6267,0.12099,0.01352,0.68186,0.0,0.05002
offseason,bicubic_8date,barmer_desert,desert,91528_55824,0.21098,0.66485,0.12416,0.01454,0.84672,0.0,0.04666
offseason,bicubic_8date,barmer_desert,desert,91528_55828,0.36709,0.43602,0.19689,0.01745,0.60427,0.0,0.13009
offseason,bicubic_8date,barmer_desert,desert,91528_55832,0.35349,0.46852,0.17799,0.01465,0.52875,0.0,0.10228
offseason,bicubic_8date,barmer_desert,desert,91532_55820,0.32144,0.41645,0.2621,0.01089,0.39079,0.0,0.09639
offseason,bicubic_8date,barmer_desert,desert,91532_55824,0.27651,0.49162,0.23186,0.01217,0.45394,0.0,0.11173
offseason,bicubic_8date,barmer_desert,desert,91532_55828,0.14361,0.60255,0.25384,0.01226,0.44285,0.0,0.09334
offseason,bicubic_8date,barmer_desert,desert,91532_55832,0.34427,0.39756,0.25816,0.01159,0.40827,0.0,0.11139
offseason,bicubic_8date,barmer_desert,desert,91536_55824,0.29995,0.38999,0.31005,0.01328,0.41295,0.0,0.17251
offseason,bicubic_8date,barmer_desert,desert,91536_55828,0.29195,0.34648,0.36157,0.01243,0.4743,0.0,0.14099
offseason,bicubic_8date,wayanad_forest,forest,93244_61248,0.13532,0.25421,0.61048,0.00597,1.60215,0.0,0.13205
offseason,bicubic_8date,wayanad_forest,forest,93244_61252,0.17182,0.23218,0.596,0.00758,1.96264,0.02828,0.13343
offseason,bicubic_8date,wayanad_forest,forest,93248_61244,0.06994,0.25641,0.67365,0.00694,1.12707,0.0,0.12848
offseason,bicubic_8date,wayanad_forest,forest,93248_61248,0.04786,0.11147,0.84067,0.00395,0.78915,0.0,0.13991
offseason,bicubic_8date,wayanad_forest,forest,93248_61252,0.06402,0.15837,0.77761,0.00365,0.77179,0.0,0.13523
offseason,bicubic_8date,wayanad_forest,forest,93248_61256,0.07973,0.24616,0.67411,0.00544,0.90113,0.0,0.13499
offseason,bicubic_8date,wayanad_forest,forest,93252_61240,0.0585,0.10483,0.83667,0.00344,0.80683,0.02,0.13855
offseason,bicubic_8date,wayanad_forest,forest,93252_61244,0.07483,0.15654,0.76863,0.00647,0.87079,0.0,0.11257
offseason,bicubic_8date,wayanad_forest,forest,93252_61248,0.05096,0.10559,0.84344,0.00543,0.85647,0.0,0.1338
offseason,bicubic_8date,wayanad_forest,forest,93252_61252,0.05094,0.13768,0.81138,0.00395,0.69061,0.0,0.13813
offseason,bicubic_8date,wayanad_forest,forest,93252_61256,0.05117,0.16016,0.78867,0.00429,0.82659,0.0,0.13368
offseason,bicubic_8date,wayanad_forest,forest,93256_61244,0.0502,0.14579,0.80401,0.00599,1.05947,0.0,0.13697
offseason,bicubic_8date,wayanad_forest,forest,93256_61248,0.04688,0.12823,0.82489,0.0061,1.02665,0.0,0.12204
offseason,bicubic_8date,wayanad_forest,forest,93256_61252,0.0551,0.16219,0.78271,0.00512,0.8753,0.0,0.12266
offseason,bicubic_8date,wayanad_forest,forest,93256_61256,0.06308,0.1833,0.75362,0.00429,0.72105,0.0,0.11704
offseason,bicubic_8date,wayanad_forest,forest,93260_61248,0.04835,0.13679,0.81486,0.00524,0.86642,0.0,0.1238
offseason,bicubic_8date,wayanad_forest,forest,93260_61252,0.05024,0.15,0.79976,0.00382,0.68953,0.0,0.12154
offseason,bicubic_8date,shillong_hills,hills,98984_55892,0.33578,0.52754,0.13668,0.00964,1.10708,0.0,0.08033
offseason,bicubic_8date,shillong_hills,hills,98984_55896,0.24466,0.65198,0.10336,0.00819,0.81631,0.0,0.07648
offseason,bicubic_8date,shillong_hills,hills,98984_55900,0.2472,0.63239,0.12042,0.00986,1.03832,0.0,0.07334
offseason,bicubic_8date,shillong_hills,hills,98988_55888,0.28212,0.57166,0.14622,0.00925,0.78238,0.0,0.08332
offseason,bicubic_8date,shillong_hills,hills,98988_55892,0.21906,0.67604,0.1049,0.00813,1.1183,0.0,0.07006
offseason,bicubic_8date,shillong_hills,hills,98988_55896,0.26456,0.62712,0.10832,0.00829,1.12239,0.0,0.07736
offseason,bicubic_8date,shillong_hills,hills,98988_55900,0.23965,0.66252,0.09783,0.00919,1.07146,0.0,0.06881
offseason,bicubic_8date,shillong_hills,hills,98988_55904,0.22457,0.68422,0.09121,0.00698,1.4974,0.0,0.04354
offseason,bicubic_8date,shillong_hills,hills,98992_55888,0.19785,0.68365,0.1185,0.0067,1.07913,0.0,0.0653
offseason,bicubic_8date,shillong_hills,hills,98992_55892,0.20232,0.71753,0.08015,0.00764,1.01875,0.0,0.0649
offseason,bicubic_8date,shillong_hills,hills,98992_55896,0.26096,0.63549,0.10356,0.00859,1.05917,0.0,0.06875
offseason,bicubic_8date,shillong_hills,hills,98992_55900,0.24923,0.63421,0.11656,0.00996,0.97807,0.0,0.07241
offseason,bicubic_8date,shillong_hills,hills,98992_55904,0.23586,0.59917,0.16498,0.00602,1.44724,0.0,0.05954
offseason,bicubic_8date,shillong_hills,hills,98996_55888,0.18215,0.48904,0.32881,0.00724,1.32166,0.02,0.08257
offseason,bicubic_8date,shillong_hills,hills,98996_55892,0.29641,0.60827,0.09532,0.01127,0.91666,0.0,0.07325
offseason,bicubic_8date,shillong_hills,hills,98996_55896,0.22408,0.66859,0.10734,0.00933,1.06579,0.0,0.05627
offseason,bicubic_8date,shillong_hills,hills,98996_55900,0.34733,0.49872,0.15395,0.00957,0.82085,0.0,0.08157
offseason,bicubic_8date,shillong_hills,hills,99000_55892,0.18957,0.72696,0.08347,0.00947,1.36473,0.0,0.07364
offseason,bicubic_8date,shillong_hills,hills,99000_55896,0.20785,0.71346,0.07869,0.00848,1.0086,0.0,0.07846
offseason,bicubic_8date,lachung_sikkim,snow,97836_55036,0.06292,0.09656,0.84052,0.00565,1.46391,0.02,0.43616
offseason,bicubic_8date,lachung_sikkim,snow,97840_55028,0.08211,0.16618,0.75171,0.00868,0.94176,0.0,0.16049
offseason,bicubic_8date,lachung_sikkim,snow,97840_55036,0.07123,0.17224,0.75653,0.00282,0.64153,0.0,0.36463
offseason,bicubic_8date,lachung_sikkim,snow,97840_55040,0.12473,0.21986,0.65541,0.00456,1.12915,0.0,0.32592
offseason,bicubic_8date,lachung_sikkim,snow,97844_55032,0.05712,0.09566,0.84722,0.00321,0.86001,0.0,0.35337
offseason,bicubic_8date,lachung_sikkim,snow,97844_55036,0.06717,0.2526,0.68023,0.00519,0.53798,0.0,0.20694
offseason,bicubic_8date,lachung_sikkim,snow,97844_55040,0.04699,0.10706,0.84595,0.00632,1.12864,0.0,0.14336
offseason,bicubic_8date,lachung_sikkim,snow,97848_55036,0.05526,0.13253,0.81221,0.00514,0.73853,0.0,0.12387
offseason,bicubic_8date,lachung_sikkim,snow,97848_55040,0.15183,0.2944,0.55377,0.00529,1.62638,0.0,0.11953
offseason,bicubic_8date,lachung_sikkim,snow,97848_55044,0.20877,0.4402,0.35102,0.00441,1.43058,0.02,0.07107
offseason,bicubic_8date,lachung_sikkim,snow,97852_55036,0.04938,0.10512,0.8455,0.00438,1.36264,0.0,0.14573
offseason,bicubic_8date,lachung_sikkim,snow,97852_55040,0.26221,0.41453,0.32327,0.0051,1.78783,0.0,0.09815
inseason,satlas_8s2,hyderabad_charminar,urban,94100_59108,0.47799,0.22261,0.2994,0.12771,3.95847,0.59464,0.13755
inseason,satlas_8s2,hyderabad_charminar,urban,94100_59112,0.48234,0.22644,0.29122,0.12604,4.1527,0.60166,0.1308
inseason,satlas_8s2,hyderabad_charminar,urban,94100_59116,0.41954,0.28916,0.29131,0.12089,3.76267,0.57271,0.1197
inseason,satlas_8s2,hyderabad_charminar,urban,94100_59120,0.37923,0.36449,0.25628,0.11067,3.11181,0.56569,0.10789
inseason,satlas_8s2,hyderabad_charminar,urban,94104_59108,0.43258,0.29061,0.27681,0.12322,3.9779,0.57723,0.12888
inseason,satlas_8s2,hyderabad_charminar,urban,94104_59112,0.48141,0.25685,0.26174,0.1277,4.09426,0.59228,0.12594
inseason,satlas_8s2,hyderabad_charminar,urban,94104_59116,0.40078,0.31552,0.2837,0.11755,3.38245,0.56569,0.12235
inseason,satlas_8s2,hyderabad_charminar,urban,94104_59120,0.3927,0.32567,0.28163,0.11489,3.34491,0.57723,0.11569
inseason,satlas_8s2,hyderabad_charminar,urban,94108_59108,0.48263,0.22676,0.29061,0.13163,4.2295,0.53852,0.13326
inseason,satlas_8s2,hyderabad_charminar,urban,94108_59112,0.43518,0.28106,0.28376,0.12461,3.70548,0.59666,0.12814
inseason,satlas_8s2,hyderabad_charminar,urban,94108_59116,0.43459,0.27422,0.29118,0.11604,3.3188,0.53367,0.12855
inseason,satlas_8s2,hyderabad_charminar,urban,94108_59120,0.39419,0.32799,0.27783,0.10693,3.1322,0.58856,0.11653
inseason,satlas_8s2,hyderabad_charminar,urban,94112_59108,0.48428,0.22767,0.28805,0.13177,4.09149,0.55317,0.13483
inseason,satlas_8s2,hyderabad_charminar,urban,94112_59112,0.39088,0.32208,0.28704,0.11459,3.52139,0.56569,0.11895
inseason,satlas_8s2,hyderabad_charminar,urban,94112_59116,0.36689,0.35884,0.27427,0.10933,3.22482,0.56143,0.11321
inseason,satlas_8s2,varanasi_ghats,urban,95748_56004,0.42666,0.31539,0.25795,0.10361,3.55095,0.24083,0.12164
inseason,satlas_8s2,varanasi_ghats,urban,95752_56000,0.40384,0.3577,0.23846,0.11016,3.61225,0.28071,0.10699
inseason,satlas_8s2,varanasi_ghats,urban,95752_56004,0.39808,0.3582,0.24372,0.10875,3.48968,0.26077,0.10979
inseason,satlas_8s2,varanasi_ghats,urban,95752_56008,0.40298,0.29761,0.29942,0.08808,5.05641,0.20396,0.12425
inseason,satlas_8s2,varanasi_ghats,urban,95756_55996,0.41475,0.34739,0.23786,0.11389,3.56239,0.30067,0.10559
inseason,satlas_8s2,varanasi_ghats,urban,95756_56000,0.38165,0.38566,0.23269,0.10734,3.32984,0.26077,0.10224
inseason,satlas_8s2,varanasi_ghats,urban,95756_56004,0.37568,0.37835,0.24598,0.10113,3.92057,0.22,0.10545
inseason,satlas_8s2,varanasi_ghats,urban,95756_56008,0.39767,0.35369,0.24864,0.07949,5.58693,0.16,0.09914
inseason,satlas_8s2,varanasi_ghats,urban,95756_56012,0.43788,0.30566,0.25645,0.08497,6.16718,0.16492,0.09205
inseason,satlas_8s2,varanasi_ghats,urban,95760_55996,0.43869,0.29616,0.26515,0.12973,3.78633,0.36878,0.10503
inseason,satlas_8s2,varanasi_ghats,urban,95760_56000,0.44053,0.29995,0.25953,0.1216,4.4309,0.31623,0.10402
inseason,satlas_8s2,varanasi_ghats,urban,95760_56004,0.36264,0.1624,0.47497,0.10063,5.95362,0.16125,0.09332
inseason,satlas_8s2,varanasi_ghats,urban,95760_56008,0.50027,0.20421,0.29552,0.09808,4.67211,0.16125,0.06389
inseason,satlas_8s2,varanasi_ghats,urban,95760_56012,0.45618,0.22041,0.32342,0.10766,3.66853,0.16492,0.08051
inseason,satlas_8s2,varanasi_ghats,urban,95764_56000,0.60939,0.15578,0.23483,0.13765,7.22137,0.18111,0.08669
inseason,satlas_8s2,varanasi_ghats,urban,95764_56004,0.45052,0.2631,0.28639,0.17645,3.40742,0.28636,0.09789
inseason,satlas_8s2,varanasi_ghats,urban,95764_56008,0.43864,0.29317,0.26819,0.18111,4.79781,0.23409,0.08392
inseason,satlas_8s2,thanjavur_paddy,farmland,94340_61580,0.2945,0.13433,0.57118,0.17387,6.36809,0.60531,0.14671
inseason,satlas_8s2,thanjavur_paddy,farmland,94340_61584,0.48856,0.16744,0.34399,0.13796,5.11464,0.58822,0.12909
inseason,satlas_8s2,thanjavur_paddy,farmland,94340_61588,0.4695,0.15935,0.37114,0.14666,5.55402,0.57585,0.13124
inseason,satlas_8s2,thanjavur_paddy,farmland,94344_61576,0.20552,0.29424,0.50024,0.20184,6.00276,0.56036,0.09961
inseason,satlas_8s2,thanjavur_paddy,farmland,94344_61580,0.47578,0.13017,0.39405,0.1502,6.91119,0.52498,0.12589
inseason,satlas_8s2,thanjavur_paddy,farmland,94344_61584,0.50351,0.15397,0.34252,0.13963,5.87596,0.55462,0.12495
inseason,satlas_8s2,thanjavur_paddy,farmland,94344_61588,0.49671,0.15485,0.34843,0.14881,6.43629,0.52802,0.12829
inseason,satlas_8s2,thanjavur_paddy,farmland,94344_61592,0.5423,0.13122,0.32648,0.16746,7.4383,0.5142,0.13205
inseason,satlas_8s2,thanjavur_paddy,farmland,94348_61576,0.24136,0.10714,0.65151,0.14781,6.26399,0.54406,0.14706
inseason,satlas_8s2,thanjavur_paddy,farmland,94348_61580,0.53706,0.176,0.28694,0.13137,5.37992,0.53852,0.118
inseason,satlas_8s2,thanjavur_paddy,farmland,94348_61584,0.50964,0.1686,0.32176,0.14013,5.89358,0.51884,0.12583
inseason,satlas_8s2,thanjavur_paddy,farmland,94348_61588,0.52264,0.19189,0.28547,0.13243,5.02406,0.55714,0.11937
inseason,satlas_8s2,thanjavur_paddy,farmland,94348_61592,0.50423,0.21068,0.28509,0.12412,4.92103,0.56462,0.12052
inseason,satlas_8s2,thanjavur_paddy,farmland,94352_61576,0.32999,0.34805,0.32196,0.21106,4.94619,0.56143,0.09851
inseason,satlas_8s2,thanjavur_paddy,farmland,94352_61580,0.41973,0.18672,0.39355,0.16499,6.70077,0.56143,0.12215
inseason,satlas_8s2,thanjavur_paddy,farmland,94352_61584,0.50885,0.11223,0.37892,0.16905,8.90383,0.56462,0.13863
inseason,satlas_8s2,thanjavur_paddy,farmland,94352_61588,0.49282,0.16501,0.34217,0.13708,5.21254,0.59093,0.11753
inseason,satlas_8s2,thanjavur_paddy,farmland,94356_61580,0.4219,0.31323,0.26487,0.15814,5.96019,0.64125,0.095
inseason,satlas_8s2,thanjavur_paddy,farmland,94356_61584,0.52085,0.17982,0.29934,0.24462,12.33251,0.56143,0.10458
inseason,satlas_8s2,barmer_desert,desert,91520_55824,0.46125,0.24412,0.29463,0.15833,4.3327,0.3985,0.10172
inseason,satlas_8s2,barmer_desert,desert,91520_55828,0.36508,0.36713,0.2678,0.16628,5.41794,0.36056,0.09914
inseason,satlas_8s2,barmer_desert,desert,91524_55820,0.41976,0.30667,0.27357,0.1024,6.42284,0.41617,0.10722
inseason,satlas_8s2,barmer_desert,desert,91524_55824,0.53358,0.25906,0.20737,0.13466,5.5777,0.41761,0.15284
inseason,satlas_8s2,barmer_desert,desert,91524_55828,0.50533,0.29658,0.19809,0.13309,5.75868,0.43909,0.15477
inseason,satlas_8s2,barmer_desert,desert,91524_55832,0.46353,0.34618,0.19029,0.13314,5.6075,0.44944,0.14298
inseason,satlas_8s2,barmer_desert,desert,91528_55816,0.42181,0.33236,0.24583,0.11168,5.36414,0.3821,0.10209
inseason,satlas_8s2,barmer_desert,desert,91528_55820,0.46777,0.33071,0.20153,0.1127,5.0872,0.44944,0.11894
inseason,satlas_8s2,barmer_desert,desert,91528_55824,0.53626,0.27758,0.18617,0.13373,5.26355,0.40497,0.1241
inseason,satlas_8s2,barmer_desert,desert,91528_55828,0.49023,0.30112,0.20864,0.11441,4.64003,0.41617,0.14789
inseason,satlas_8s2,barmer_desert,desert,91528_55832,0.40198,0.38514,0.21288,0.09554,4.52132,0.36715,0.1394
inseason,satlas_8s2,barmer_desert,desert,91532_55820,0.4914,0.24169,0.2669,0.12976,4.41398,0.43681,0.10498
inseason,satlas_8s2,barmer_desert,desert,91532_55824,0.49979,0.25094,0.24927,0.12875,4.34584,0.40497,0.11234
inseason,satlas_8s2,barmer_desert,desert,91532_55828,0.52258,0.21439,0.26303,0.12444,3.91953,0.34059,0.10723
inseason,satlas_8s2,barmer_desert,desert,91532_55832,0.42958,0.3383,0.23212,0.10225,4.1737,0.36056,0.11118
inseason,satlas_8s2,barmer_desert,desert,91536_55824,0.43594,0.34099,0.22307,0.10714,4.0675,0.34059,0.11779
inseason,satlas_8s2,barmer_desert,desert,91536_55828,0.50923,0.2713,0.21947,0.12125,4.2151,0.41231,0.12853
inseason,satlas_8s2,wayanad_forest,forest,93244_61248,0.37949,0.16127,0.45924,0.21857,5.76695,0.62129,0.1137
inseason,satlas_8s2,wayanad_forest,forest,93244_61252,0.35364,0.1764,0.46996,0.21285,5.69218,0.56143,0.1069
inseason,satlas_8s2,wayanad_forest,forest,93248_61244,0.14208,0.09678,0.76114,0.23038,5.05248,0.58549,0.12203
inseason,satlas_8s2,wayanad_forest,forest,93248_61248,0.11043,0.07074,0.81883,0.24715,6.03002,0.54037,0.13377
inseason,satlas_8s2,wayanad_forest,forest,93248_61252,0.16025,0.09662,0.74313,0.24177,6.0568,0.56321,0.129
inseason,satlas_8s2,wayanad_forest,forest,93248_61256,0.27522,0.13863,0.58615,0.23815,5.1974,0.58138,0.11646
inseason,satlas_8s2,wayanad_forest,forest,93252_61240,0.08229,0.05648,0.86122,0.25601,8.33831,0.54589,0.14089
inseason,satlas_8s2,wayanad_forest,forest,93252_61244,0.07763,0.07969,0.84269,0.21639,5.43379,0.60828,0.12375
inseason,satlas_8s2,wayanad_forest,forest,93252_61248,0.06482,0.06299,0.87219,0.24362,5.82352,0.56321,0.13559
inseason,satlas_8s2,wayanad_forest,forest,93252_61252,0.13226,0.08174,0.786,0.23361,5.65366,0.62514,0.13893
inseason,satlas_8s2,wayanad_forest,forest,93252_61256,0.1188,0.0947,0.7865,0.24024,5.71103,0.58549,0.12369
inseason,satlas_8s2,wayanad_forest,forest,93256_61244,0.1056,0.09406,0.80034,0.25066,5.9805,0.60828,0.13151
inseason,satlas_8s2,wayanad_forest,forest,93256_61248,0.07773,0.0583,0.86397,0.26502,7.41349,0.58,0.12729
inseason,satlas_8s2,wayanad_forest,forest,93256_61252,0.1306,0.08731,0.78209,0.2372,5.5286,0.60828,0.12032
inseason,satlas_8s2,wayanad_forest,forest,93256_61256,0.11444,0.09587,0.78969,0.24334,5.73578,0.60531,0.11073
inseason,satlas_8s2,wayanad_forest,forest,93260_61248,0.08886,0.07274,0.83839,0.24274,5.5031,0.55785,0.12021
inseason,satlas_8s2,wayanad_forest,forest,93260_61252,0.09587,0.0747,0.82943,0.24866,6.27144,0.62514,0.12289
inseason,satlas_8s2,shillong_hills,hills,98984_55892,0.47543,0.18524,0.33932,0.21775,5.20891,0.58034,0.15397
inseason,satlas_8s2,shillong_hills,hills,98984_55896,0.45814,0.17811,0.36375,0.21506,4.94702,0.62801,0.15426
inseason,satlas_8s2,shillong_hills,hills,98984_55900,0.45446,0.15681,0.38873,0.23336,5.41818,0.56036,0.15508
inseason,satlas_8s2,shillong_hills,hills,98988_55888,0.42642,0.16899,0.40459,0.21717,4.59299,0.54148,0.16285
inseason,satlas_8s2,shillong_hills,hills,98988_55892,0.49831,0.145,0.35669,0.27158,6.26647,0.54148,0.15879
inseason,satlas_8s2,shillong_hills,hills,98988_55896,0.485,0.1735,0.3415,0.22859,5.33318,0.54332,0.15145
inseason,satlas_8s2,shillong_hills,hills,98988_55900,0.46114,0.16537,0.37349,0.23407,5.40967,0.54589,0.15078
inseason,satlas_8s2,shillong_hills,hills,98988_55904,0.54675,0.10665,0.3466,0.30224,10.01846,0.54,0.13684
inseason,satlas_8s2,shillong_hills,hills,98992_55888,0.4868,0.12448,0.38871,0.2798,7.89793,0.54332,0.15516
inseason,satlas_8s2,shillong_hills,hills,98992_55892,0.46689,0.12774,0.40537,0.27436,6.31361,0.60133,0.16175
inseason,satlas_8s2,shillong_hills,hills,98992_55896,0.50421,0.18284,0.31295,0.23335,5.23387,0.48,0.15099
inseason,satlas_8s2,shillong_hills,hills,98992_55900,0.40843,0.16641,0.42516,0.21274,5.24833,0.54037,0.15519
inseason,satlas_8s2,shillong_hills,hills,98992_55904,0.49339,0.13838,0.36823,0.32523,11.41072,0.48166,0.12005
inseason,satlas_8s2,shillong_hills,hills,98996_55888,0.36832,0.10978,0.52189,0.3259,11.11343,0.48374,0.14938
inseason,satlas_8s2,shillong_hills,hills,98996_55892,0.37621,0.19831,0.42548,0.21247,3.88847,0.48662,0.15896
inseason,satlas_8s2,shillong_hills,hills,98996_55896,0.53755,0.16111,0.30133,0.24299,5.848,0.52038,0.15509
inseason,satlas_8s2,shillong_hills,hills,98996_55900,0.39727,0.23372,0.36901,0.19341,4.43906,0.60133,0.13812
inseason,satlas_8s2,shillong_hills,hills,99000_55892,0.42327,0.19416,0.38257,0.26562,5.4455,0.52038,0.12882
inseason,satlas_8s2,shillong_hills,hills,99000_55896,0.45679,0.18535,0.35786,0.22696,4.79587,0.50636,0.14674
inseason,satlas_8s2,lachung_sikkim,snow,97836_55036,0.08505,0.06877,0.84619,0.33264,6.16494,0.60133,0.44523
inseason,satlas_8s2,lachung_sikkim,snow,97840_55028,0.20507,0.15696,0.63797,0.28332,6.8823,0.28636,0.29817
inseason,satlas_8s2,lachung_sikkim,snow,97840_55032,0.1142,0.09611,0.7897,0.33797,6.55901,0.6,0.34741
inseason,satlas_8s2,lachung_sikkim,snow,97840_55036,0.17439,0.12802,0.69759,0.34103,6.24408,0.50596,0.37334
inseason,satlas_8s2,lachung_sikkim,snow,97840_55040,0.16112,0.11388,0.725,0.34714,6.70985,0.44181,0.33002
inseason,satlas_8s2,lachung_sikkim,snow,97844_55032,0.06543,0.06077,0.8738,0.34313,6.32114,0.54332,0.36664
inseason,satlas_8s2,lachung_sikkim,snow,97844_55036,0.12731,0.09692,0.77577,0.2731,5.15683,0.41231,0.22948
inseason,satlas_8s2,lachung_sikkim,snow,97844_55040,0.10733,0.04848,0.84419,0.33599,7.59807,0.5016,0.1737
inseason,satlas_8s2,lachung_sikkim,snow,97848_55036,0.12635,0.06866,0.80499,0.28315,5.81604,0.49031,0.14351
inseason,satlas_8s2,lachung_sikkim,snow,97848_55040,0.20201,0.09316,0.70483,0.38444,9.38955,0.48662,0.13986
inseason,satlas_8s2,lachung_sikkim,snow,97848_55044,0.26791,0.17261,0.55948,0.3919,9.15844,0.58549,0.09997
inseason,satlas_8s2,lachung_sikkim,snow,97852_55036,0.18478,0.06753,0.74769,0.33206,6.56608,0.54918,0.15507
inseason,satlas_8s2,lachung_sikkim,snow,97852_55040,0.28899,0.16365,0.54736,0.4006,10.16109,0.44944,0.12255
offseason,satlas_8s2,hyderabad_charminar,urban,94100_59108,0.42173,0.36042,0.21784,0.09683,3.06787,0.56036,0.11007
offseason,satlas_8s2,hyderabad_charminar,urban,94100_59112,0.40154,0.37964,0.21882,0.09923,3.47284,0.5004,0.1055
offseason,satlas_8s2,hyderabad_charminar,urban,94100_59116,0.41279,0.36297,0.22424,0.09987,3.29591,0.56036,0.11616
offseason,satlas_8s2,hyderabad_charminar,urban,94100_59120,0.36919,0.39866,0.23215,0.09045,2.93512,0.54332,0.11213
offseason,satlas_8s2,hyderabad_charminar,urban,94104_59108,0.38653,0.37852,0.23495,0.09407,3.54567,0.48374,0.12105
offseason,satlas_8s2,hyderabad_charminar,urban,94104_59112,0.40807,0.37614,0.21579,0.09883,3.43686,0.52038,0.1114
offseason,satlas_8s2,hyderabad_charminar,urban,94104_59116,0.35854,0.40282,0.23864,0.09227,3.04802,0.54148,0.11271
offseason,satlas_8s2,hyderabad_charminar,urban,94104_59120,0.39342,0.36969,0.23688,0.09281,3.09906,0.54037,0.11613
offseason,satlas_8s2,hyderabad_charminar,urban,94108_59108,0.40771,0.37937,0.21292,0.10655,3.45009,0.5004,0.10526
offseason,satlas_8s2,hyderabad_charminar,urban,94108_59112,0.36828,0.39932,0.23241,0.09701,3.17595,0.54037,0.11006
offseason,satlas_8s2,hyderabad_charminar,urban,94108_59116,0.37962,0.39523,0.22514,0.08897,2.95682,0.54037,0.11
offseason,satlas_8s2,hyderabad_charminar,urban,94108_59120,0.38743,0.37108,0.24149,0.08693,2.94738,0.54589,0.11502
offseason,satlas_8s2,hyderabad_charminar,urban,94112_59108,0.38986,0.39888,0.21126,0.10469,3.32713,0.52154,0.10644
offseason,satlas_8s2,hyderabad_charminar,urban,94112_59112,0.41935,0.35556,0.2251,0.09297,2.99531,0.56143,0.1266
offseason,satlas_8s2,hyderabad_charminar,urban,94112_59116,0.41407,0.36329,0.22265,0.08726,2.88685,0.60299,0.12115
offseason,satlas_8s2,varanasi_ghats,urban,95748_56004,0.33869,0.4001,0.2612,0.10959,3.7077,0.3985,0.1143
offseason,satlas_8s2,varanasi_ghats,urban,95752_56000,0.37882,0.34099,0.28019,0.11815,3.77424,0.40497,0.12286
offseason,satlas_8s2,varanasi_ghats,urban,95752_56004,0.40017,0.34361,0.25622,0.11351,3.68327,0.37363,0.12981
offseason,satlas_8s2,varanasi_ghats,urban,95752_56008,0.34537,0.41518,0.23945,0.13853,3.85473,0.39294,0.10546
offseason,satlas_8s2,varanasi_ghats,urban,95756_55996,0.38009,0.33705,0.28286,0.11416,3.35226,0.37363,0.12441
offseason,satlas_8s2,varanasi_ghats,urban,95756_56000,0.35509,0.36294,0.28198,0.10959,3.75353,0.40497,0.12063
offseason,satlas_8s2,varanasi_ghats,urban,95756_56004,0.31755,0.35015,0.3323,0.11188,4.18948,0.3677,0.12686
offseason,satlas_8s2,varanasi_ghats,urban,95756_56008,0.08092,0.20102,0.71806,0.16183,6.59793,0.34525,0.12621
offseason,satlas_8s2,varanasi_ghats,urban,95756_56012,0.08844,0.1469,0.76466,0.18548,6.89551,0.34928,0.12189
offseason,satlas_8s2,varanasi_ghats,urban,95760_55996,0.39942,0.35483,0.24575,0.1293,3.7229,0.41761,0.10716
offseason,satlas_8s2,varanasi_ghats,urban,95760_56000,0.32195,0.24527,0.43279,0.13351,4.93076,0.40497,0.12532
offseason,satlas_8s2,varanasi_ghats,urban,95760_56004,0.14518,0.16204,0.69278,0.13404,6.80258,0.26306,0.10566
offseason,satlas_8s2,varanasi_ghats,urban,95760_56008,0.54745,0.22802,0.22453,0.11532,5.06834,0.43863,0.08507
offseason,satlas_8s2,varanasi_ghats,urban,95760_56012,0.51613,0.2887,0.19517,0.11548,5.03293,0.35777,0.11897
offseason,satlas_8s2,varanasi_ghats,urban,95764_56000,0.2021,0.17608,0.62182,0.18394,7.94732,0.32,0.11708
offseason,satlas_8s2,varanasi_ghats,urban,95764_56004,0.34413,0.30807,0.34779,0.14064,5.14175,0.3985,0.13516
offseason,satlas_8s2,varanasi_ghats,urban,95764_56008,0.31763,0.33042,0.35195,0.16109,4.43304,0.41183,0.10935
offseason,satlas_8s2,thanjavur_paddy,farmland,94340_61580,0.29165,0.15659,0.55177,0.14986,7.66476,0.66753,0.16666
offseason,satlas_8s2,thanjavur_paddy,farmland,94340_61584,0.47095,0.19623,0.33283,0.13214,5.02087,0.5831,0.13342
offseason,satlas_8s2,thanjavur_paddy,farmland,94340_61588,0.40708,0.17879,0.41413,0.15066,4.86765,0.60166,0.13492
offseason,satlas_8s2,thanjavur_paddy,farmland,94344_61576,0.22438,0.32606,0.44956,0.17389,7.42147,0.62769,0.11358
offseason,satlas_8s2,thanjavur_paddy,farmland,94344_61580,0.4668,0.19177,0.34144,0.13365,5.42886,0.55317,0.12947
offseason,satlas_8s2,thanjavur_paddy,farmland,94344_61584,0.46149,0.2112,0.32731,0.13578,4.57948,0.55785,0.12029
offseason,satlas_8s2,thanjavur_paddy,farmland,94344_61588,0.44378,0.19675,0.35947,0.15335,4.81796,0.57723,0.12432
offseason,satlas_8s2,thanjavur_paddy,farmland,94344_61592,0.50638,0.17711,0.31651,0.16318,4.8203,0.58241,0.1259
offseason,satlas_8s2,thanjavur_paddy,farmland,94348_61576,0.25539,0.12936,0.61525,0.13622,6.49829,0.52612,0.16056
offseason,satlas_8s2,thanjavur_paddy,farmland,94348_61580,0.52623,0.20828,0.26548,0.12376,4.56036,0.50636,0.1208
offseason,satlas_8s2,thanjavur_paddy,farmland,94348_61584,0.5041,0.20567,0.29023,0.13327,4.43042,0.48374,0.12212
offseason,satlas_8s2,thanjavur_paddy,farmland,94348_61588,0.49581,0.22946,0.27473,0.13747,4.08322,0.57723,0.12011
offseason,satlas_8s2,thanjavur_paddy,farmland,94348_61592,0.4435,0.27184,0.28466,0.12553,4.09329,0.59666,0.10911
offseason,satlas_8s2,thanjavur_paddy,farmland,94352_61576,0.18776,0.1503,0.66194,0.21217,9.58967,0.58822,0.16943
offseason,satlas_8s2,thanjavur_paddy,farmland,94352_61580,0.38693,0.17711,0.43596,0.15931,8.23883,0.58856,0.14238
offseason,satlas_8s2,thanjavur_paddy,farmland,94352_61584,0.5241,0.16945,0.30645,0.15146,6.91361,0.48374,0.13055
offseason,satlas_8s2,thanjavur_paddy,farmland,94352_61588,0.45956,0.19028,0.35016,0.14033,4.74725,0.49031,0.12656
offseason,satlas_8s2,thanjavur_paddy,farmland,94356_61580,0.32573,0.2923,0.38197,0.15958,8.57264,0.54918,0.11922
offseason,satlas_8s2,thanjavur_paddy,farmland,94356_61584,0.57227,0.21345,0.21428,0.21466,11.08631,0.60166,0.11261
offseason,satlas_8s2,barmer_desert,desert,91520_55824,0.31865,0.39291,0.28844,0.11936,4.99244,0.3544,0.10717
offseason,satlas_8s2,barmer_desert,desert,91520_55828,0.35415,0.42294,0.2229,0.12435,5.24012,0.33526,0.11187
offseason,satlas_8s2,barmer_desert,desert,91524_55820,0.39647,0.34136,0.26218,0.11113,6.0489,0.51225,0.10548
offseason,satlas_8s2,barmer_desert,desert,91524_55824,0.44625,0.31895,0.2348,0.14142,5.34003,0.55317,0.14108
offseason,satlas_8s2,barmer_desert,desert,91524_55828,0.46056,0.30421,0.23524,0.15816,5.04404,0.59059,0.16232
offseason,satlas_8s2,barmer_desert,desert,91524_55832,0.53842,0.32992,0.13166,0.14928,4.74031,0.54918,0.15797
offseason,satlas_8s2,barmer_desert,desert,91528_55816,0.38336,0.36933,0.24731,0.12149,4.79886,0.3985,0.10133
offseason,satlas_8s2,barmer_desert,desert,91528_55820,0.53292,0.33173,0.13535,0.11399,4.9249,0.49679,0.13786
offseason,satlas_8s2,barmer_desert,desert,91528_55824,0.50065,0.26041,0.23894,0.15191,4.71996,0.4669,0.1475
offseason,satlas_8s2,barmer_desert,desert,91528_55828,0.50144,0.34473,0.15383,0.13235,4.55235,0.64405,0.19597
offseason,satlas_8s2,barmer_desert,desert,91528_55832,0.41044,0.34639,0.24317,0.11436,3.88945,0.41037,0.16671
offseason,satlas_8s2,barmer_desert,desert,91532_55820,0.39045,0.33287,0.27668,0.1041,5.27112,0.38471,0.12762
offseason,satlas_8s2,barmer_desert,desert,91532_55824,0.35134,0.33972,0.30894,0.12051,5.0702,0.34059,0.14257
offseason,satlas_8s2,barmer_desert,desert,91532_55828,0.36377,0.26011,0.37612,0.11571,4.42872,0.34234,0.12765
offseason,satlas_8s2,barmer_desert,desert,91532_55832,0.38196,0.33484,0.2832,0.08921,4.51187,0.30067,0.14326
offseason,satlas_8s2,barmer_desert,desert,91536_55824,0.31948,0.31771,0.36281,0.09528,4.40216,0.32985,0.18891
offseason,satlas_8s2,barmer_desert,desert,91536_55828,0.35651,0.29726,0.34623,0.1015,4.87066,0.36056,0.17023
offseason,satlas_8s2,wayanad_forest,forest,93244_61248,0.33557,0.17998,0.48445,0.2191,10.80816,0.58138,0.13596
offseason,satlas_8s2,wayanad_forest,forest,93244_61252,0.28613,0.16411,0.54976,0.23015,10.8052,0.56321,0.13342
offseason,satlas_8s2,wayanad_forest,forest,93248_61244,0.13779,0.19624,0.66597,0.21077,6.68481,0.57723,0.1282
offseason,satlas_8s2,wayanad_forest,forest,93248_61248,0.11646,0.09039,0.79315,0.22849,6.38775,0.56321,0.13824
offseason,satlas_8s2,wayanad_forest,forest,93248_61252,0.17693,0.11928,0.7038,0.21879,7.13249,0.64281,0.13446
offseason,satlas_8s2,wayanad_forest,forest,93248_61256,0.24946,0.17022,0.58032,0.2256,8.41652,0.62801,0.13401
offseason,satlas_8s2,wayanad_forest,forest,93252_61240,0.11495,0.08702,0.79803,0.22602,7.50051,0.60299,0.13649
offseason,satlas_8s2,wayanad_forest,forest,93252_61244,0.07589,0.12773,0.79637,0.21143,5.28914,0.57723,0.11301
offseason,satlas_8s2,wayanad_forest,forest,93252_61248,0.07117,0.09002,0.83881,0.21821,6.07,0.5831,0.13283
offseason,satlas_8s2,wayanad_forest,forest,93252_61252,0.15789,0.10729,0.73482,0.20415,6.1659,0.62801,0.13811
offseason,satlas_8s2,wayanad_forest,forest,93252_61256,0.14858,0.11195,0.73947,0.21849,6.51005,0.64281,0.13265
offseason,satlas_8s2,wayanad_forest,forest,93256_61244,0.14166,0.11793,0.74041,0.21778,6.78926,0.64777,0.13525
offseason,satlas_8s2,wayanad_forest,forest,93256_61248,0.10635,0.08119,0.81246,0.22921,6.74243,0.62129,0.12087
offseason,satlas_8s2,wayanad_forest,forest,93256_61252,0.15822,0.12174,0.72003,0.21633,6.30314,0.60828,0.12258
offseason,satlas_8s2,wayanad_forest,forest,93256_61256,0.15383,0.13544,0.71072,0.21516,6.48481,0.64777,0.1166
offseason,satlas_8s2,wayanad_forest,forest,93260_61248,0.10576,0.09798,0.79626,0.21841,5.66344,0.57723,0.12325
offseason,satlas_8s2,wayanad_forest,forest,93260_61252,0.13284,0.10618,0.76098,0.21528,6.18257,0.6229,0.12068
offseason,satlas_8s2,shillong_hills,hills,98984_55892,0.45363,0.33157,0.2148,0.16952,4.31661,0.58549,0.11547
offseason,satlas_8s2,shillong_hills,hills,98984_55896,0.45662,0.28582,0.25756,0.17984,4.13801,0.60033,0.11574
offseason,satlas_8s2,shillong_hills,hills,98984_55900,0.47863,0.2765,0.24487,0.19201,4.21448,0.54037,0.11976
offseason,satlas_8s2,shillong_hills,hills,98988_55888,0.47909,0.27608,0.24483,0.18584,4.03052,0.56569,0.12214
offseason,satlas_8s2,shillong_hills,hills,98988_55892,0.55288,0.21824,0.22888,0.22756,4.76642,0.54037,0.12604
offseason,satlas_8s2,shillong_hills,hills,98988_55896,0.47303,0.27659,0.25037,0.19779,4.73317,0.56143,0.11955
offseason,satlas_8s2,shillong_hills,hills,98988_55900,0.4964,0.2629,0.2407,0.18942,4.29867,0.54037,0.12284
offseason,satlas_8s2,shillong_hills,hills,98988_55904,0.57682,0.18928,0.2339,0.26779,7.42057,0.56321,0.12547
offseason,satlas_8s2,shillong_hills,hills,98992_55888,0.56358,0.17004,0.26637,0.25545,5.23591,0.5,0.13289
offseason,satlas_8s2,shillong_hills,hills,98992_55892,0.54255,0.19102,0.26643,0.22896,4.75561,0.58138,0.12973
offseason,satlas_8s2,shillong_hills,hills,98992_55896,0.48892,0.27629,0.23478,0.19837,4.69828,0.48374,0.11883
offseason,satlas_8s2,shillong_hills,hills,98992_55900,0.45758,0.29478,0.24765,0.17163,4.25489,0.62514,0.11697
offseason,satlas_8s2,shillong_hills,hills,98992_55904,0.51869,0.21128,0.27003,0.30442,8.95956,0.5,0.10577
offseason,satlas_8s2,shillong_hills,hills,98996_55888,0.4432,0.14032,0.41648,0.30169,7.74091,0.54,0.12745
offseason,satlas_8s2,shillong_hills,hills,98996_55892,0.4094,0.3352,0.2554,0.17194,3.81491,0.53852,0.11293
offseason,satlas_8s2,shillong_hills,hills,98996_55896,0.55672,0.23597,0.20731,0.21452,4.75933,0.53367,0.1266
offseason,satlas_8s2,shillong_hills,hills,98996_55900,0.43633,0.35064,0.21303,0.15109,4.03942,0.6229,0.11112
offseason,satlas_8s2,shillong_hills,hills,99000_55892,0.34305,0.29686,0.36009,0.22366,4.82188,0.46174,0.11469
offseason,satlas_8s2,shillong_hills,hills,99000_55896,0.41006,0.28908,0.30086,0.18933,4.08077,0.5099,0.12191
offseason,satlas_8s2,lachung_sikkim,snow,97836_55036,0.08485,0.06749,0.84765,0.33398,8.00567,0.60828,0.43512
offseason,satlas_8s2,lachung_sikkim,snow,97840_55028,0.13689,0.13884,0.72427,0.25824,7.30781,0.26306,0.1959
offseason,satlas_8s2,lachung_sikkim,snow,97840_55036,0.18019,0.12499,0.69482,0.33207,6.41989,0.46819,0.36304
offseason,satlas_8s2,lachung_sikkim,snow,97840_55040,0.15619,0.11862,0.72518,0.31122,6.64143,0.42048,0.32384
offseason,satlas_8s2,lachung_sikkim,snow,97844_55032,0.07512,0.06902,0.85586,0.33248,6.69218,0.54589,0.35309
offseason,satlas_8s2,lachung_sikkim,snow,97844_55036,0.14996,0.12188,0.72816,0.26369,5.27683,0.45122,0.21316
offseason,satlas_8s2,lachung_sikkim,snow,97844_55040,0.11067,0.05848,0.83084,0.27509,6.63877,0.4639,0.15273
offseason,satlas_8s2,lachung_sikkim,snow,97848_55036,0.16443,0.08051,0.75506,0.27342,6.26904,0.46043,0.12854
offseason,satlas_8s2,lachung_sikkim,snow,97848_55040,0.23262,0.10729,0.6601,0.30739,9.27422,0.46174,0.1228
offseason,satlas_8s2,lachung_sikkim,snow,97848_55044,0.38207,0.21579,0.40214,0.31462,9.0275,0.58549,0.08413
offseason,satlas_8s2,lachung_sikkim,snow,97852_55036,0.21527,0.07906,0.70568,0.32719,6.22313,0.46174,0.14848
offseason,satlas_8s2,lachung_sikkim,snow,97852_55040,0.33303,0.19612,0.47084,0.30736,9.22606,0.36056,0.107
inseason,arcgis_B,hyderabad_charminar,urban,94100_59108,0.32412,0.29206,0.38382,0.0874,2.94399,0.30463,0.11608
inseason,arcgis_B,hyderabad_charminar,urban,94100_59112,0.32099,0.29545,0.38356,0.09027,3.06519,0.26,0.10912
inseason,arcgis_B,hyderabad_charminar,urban,94100_59116,0.32203,0.30688,0.37109,0.08571,2.90542,0.34176,0.11066
inseason,arcgis_B,hyderabad_charminar,urban,94100_59120,0.3307,0.32337,0.34592,0.07566,2.68451,0.31305,0.10781
inseason,arcgis_B,hyderabad_charminar,urban,94104_59108,0.32673,0.29659,0.37668,0.09196,3.10947,0.31048,0.11665
inseason,arcgis_B,hyderabad_charminar,urban,94104_59112,0.33362,0.29552,0.37086,0.08863,3.39972,0.31623,0.1097
inseason,arcgis_B,hyderabad_charminar,urban,94104_59116,0.33677,0.29701,0.36622,0.08457,2.51957,0.36497,0.11774
inseason,arcgis_B,hyderabad_charminar,urban,94104_59120,0.32979,0.30116,0.36905,0.08155,2.76521,0.29732,0.11373
inseason,arcgis_B,hyderabad_charminar,urban,94108_59108,0.32621,0.26955,0.40424,0.09153,3.33027,0.31623,0.11496
inseason,arcgis_B,hyderabad_charminar,urban,94108_59112,0.34183,0.28917,0.369,0.09465,2.66554,0.31048,0.11793
inseason,arcgis_B,hyderabad_charminar,urban,94108_59116,0.32707,0.2951,0.37784,0.08658,2.31833,0.34525,0.11605
inseason,arcgis_B,hyderabad_charminar,urban,94108_59120,0.34609,0.3013,0.35261,0.07576,2.44932,0.30463,0.1154
inseason,arcgis_B,hyderabad_charminar,urban,94112_59108,0.32389,0.29321,0.3829,0.09112,3.01733,0.38626,0.11247
inseason,arcgis_B,hyderabad_charminar,urban,94112_59112,0.33877,0.3076,0.35363,0.08701,2.29539,0.3985,0.11654
inseason,arcgis_B,hyderabad_charminar,urban,94112_59116,0.34851,0.32093,0.33056,0.08442,2.0719,0.37947,0.11565
inseason,arcgis_B,varanasi_ghats,urban,95748_56004,0.34371,0.27648,0.37981,0.06125,3.8509,0.10198,0.1163
inseason,arcgis_B,varanasi_ghats,urban,95752_56000,0.36795,0.28817,0.34388,0.05312,3.78861,0.08,0.11049
inseason,arcgis_B,varanasi_ghats,urban,95752_56004,0.34621,0.29085,0.36294,0.06,3.95598,0.06325,0.11224
inseason,arcgis_B,varanasi_ghats,urban,95752_56008,0.31785,0.2611,0.42105,0.07317,4.23151,0.07211,0.1201
inseason,arcgis_B,varanasi_ghats,urban,95756_55996,0.35911,0.29308,0.34781,0.05612,3.94308,0.12166,0.10591
inseason,arcgis_B,varanasi_ghats,urban,95756_56000,0.37416,0.28854,0.3373,0.05216,3.33189,0.04472,0.11079
inseason,arcgis_B,varanasi_ghats,urban,95756_56004,0.36355,0.30389,0.33256,0.05525,3.34644,0.06,0.11176
inseason,arcgis_B,varanasi_ghats,urban,95756_56008,0.353,0.34786,0.29914,0.06887,2.94176,0.02828,0.09031
inseason,arcgis_B,varanasi_ghats,urban,95756_56012,0.31969,0.31286,0.36745,0.06958,3.18882,0.08485,0.08064
inseason,arcgis_B,varanasi_ghats,urban,95760_55996,0.35426,0.28156,0.36418,0.05311,4.50803,0.1,0.10024
inseason,arcgis_B,varanasi_ghats,urban,95760_56000,0.34836,0.31464,0.337,0.05143,4.26777,0.10198,0.09326
inseason,arcgis_B,varanasi_ghats,urban,95760_56004,0.21134,0.22392,0.56474,0.08415,3.35488,0.02,0.07318
inseason,arcgis_B,varanasi_ghats,urban,95760_56008,0.31031,0.23209,0.4576,0.06933,2.77573,0.10198,0.05005
inseason,arcgis_B,varanasi_ghats,urban,95760_56012,0.23448,0.30388,0.46164,0.0586,2.29346,0.08246,0.05508
inseason,arcgis_B,varanasi_ghats,urban,95764_56000,0.35193,0.25042,0.39765,0.04681,4.99597,0.08246,0.06397
inseason,arcgis_B,varanasi_ghats,urban,95764_56004,0.29758,0.27886,0.42356,0.04985,4.81343,0.16,0.08284
inseason,arcgis_B,varanasi_ghats,urban,95764_56008,0.29597,0.297,0.40704,0.04434,4.88771,0.1456,0.07805
inseason,arcgis_B,thanjavur_paddy,farmland,94340_61580,0.19486,0.14969,0.65545,0.08409,3.86875,0.06325,0.13991
inseason,arcgis_B,thanjavur_paddy,farmland,94340_61584,0.34691,0.22125,0.43184,0.07084,4.50424,0.17088,0.10271
inseason,arcgis_B,thanjavur_paddy,farmland,94340_61588,0.26308,0.264,0.47292,0.07048,5.66172,0.22091,0.09495
inseason,arcgis_B,thanjavur_paddy,farmland,94344_61576,0.14744,0.25502,0.59754,0.08166,5.12129,0.1,0.09684
inseason,arcgis_B,thanjavur_paddy,farmland,94344_61580,0.24495,0.17632,0.57874,0.07675,4.92673,0.02,0.09385
inseason,arcgis_B,thanjavur_paddy,farmland,94344_61584,0.3088,0.22322,0.46798,0.07274,5.28592,0.201,0.09494
inseason,arcgis_B,thanjavur_paddy,farmland,94344_61588,0.28322,0.2695,0.44728,0.07124,6.30461,0.20881,0.09092
inseason,arcgis_B,thanjavur_paddy,farmland,94344_61592,0.31317,0.25943,0.4274,0.07916,7.11507,0.201,0.08796
inseason,arcgis_B,thanjavur_paddy,farmland,94348_61576,0.09653,0.10084,0.80263,0.07788,4.15328,0.12166,0.12734
inseason,arcgis_B,thanjavur_paddy,farmland,94348_61580,0.28531,0.27709,0.4376,0.06398,4.38225,0.04472,0.08299
inseason,arcgis_B,thanjavur_paddy,farmland,94348_61584,0.3151,0.2654,0.4195,0.07164,5.23131,0.10198,0.09021
inseason,arcgis_B,thanjavur_paddy,farmland,94348_61588,0.32473,0.31072,0.36455,0.06148,5.05267,0.17088,0.08624
inseason,arcgis_B,thanjavur_paddy,farmland,94348_61592,0.34162,0.29753,0.36085,0.06732,4.87589,0.26077,0.09294
inseason,arcgis_B,thanjavur_paddy,farmland,94352_61576,0.20559,0.39682,0.39759,0.08722,4.57652,0.11662,0.0945
inseason,arcgis_B,thanjavur_paddy,farmland,94352_61580,0.26848,0.23446,0.49706,0.08213,4.84854,0.07211,0.09683
inseason,arcgis_B,thanjavur_paddy,farmland,94352_61584,0.27923,0.18638,0.53439,0.08735,7.15827,0.04472,0.09615
inseason,arcgis_B,thanjavur_paddy,farmland,94352_61588,0.31135,0.24111,0.44753,0.07493,4.99667,0.08246,0.08976
inseason,arcgis_B,thanjavur_paddy,farmland,94356_61580,0.276,0.38572,0.33828,0.09302,3.76809,0.1,0.08488
inseason,arcgis_B,thanjavur_paddy,farmland,94356_61584,0.25609,0.30194,0.44197,0.09498,8.5194,0.02828,0.07119
inseason,arcgis_B,barmer_desert,desert,91520_55824,0.33872,0.26268,0.3986,0.05505,5.6096,0.12649,0.08856
inseason,arcgis_B,barmer_desert,desert,91520_55828,0.28339,0.33504,0.38157,0.06554,6.90487,0.07211,0.09576
inseason,arcgis_B,barmer_desert,desert,91524_55820,0.35643,0.33176,0.31182,0.05795,5.34816,0.17205,0.09512
inseason,arcgis_B,barmer_desert,desert,91524_55824,0.39074,0.29117,0.31809,0.07084,6.14388,0.18868,0.12671
inseason,arcgis_B,barmer_desert,desert,91524_55828,0.44819,0.30317,0.24864,0.0828,6.36762,0.16492,0.14246
inseason,arcgis_B,barmer_desert,desert,91524_55832,0.40149,0.36699,0.23152,0.07326,5.78934,0.16492,0.12603
inseason,arcgis_B,barmer_desert,desert,91528_55816,0.3899,0.32183,0.28827,0.05821,5.09992,0.14142,0.09413
inseason,arcgis_B,barmer_desert,desert,91528_55820,0.38589,0.32182,0.2923,0.06775,5.29411,0.21541,0.1096
inseason,arcgis_B,barmer_desert,desert,91528_55824,0.44264,0.29347,0.26389,0.08033,6.06168,0.21541,0.11213
inseason,arcgis_B,barmer_desert,desert,91528_55828,0.4553,0.27168,0.27302,0.09607,5.39135,0.24331,0.1495
inseason,arcgis_B,barmer_desert,desert,91528_55832,0.37186,0.34857,0.27956,0.09693,4.64737,0.19698,0.13832
inseason,arcgis_B,barmer_desert,desert,91532_55820,0.39765,0.26046,0.34189,0.06326,5.08914,0.22361,0.09493
inseason,arcgis_B,barmer_desert,desert,91532_55824,0.40651,0.27373,0.31975,0.07194,5.432,0.18974,0.09898
inseason,arcgis_B,barmer_desert,desert,91532_55828,0.38291,0.23344,0.38365,0.07474,4.80018,0.14422,0.09137
inseason,arcgis_B,barmer_desert,desert,91532_55832,0.36833,0.34295,0.28871,0.07034,4.29952,0.24739,0.10414
inseason,arcgis_B,barmer_desert,desert,91536_55824,0.39719,0.34007,0.26274,0.07499,4.75247,0.24739,0.11289
inseason,arcgis_B,barmer_desert,desert,91536_55828,0.39257,0.31851,0.28891,0.06898,5.20699,0.22804,0.10893
inseason,arcgis_B,wayanad_forest,forest,93244_61248,0.2664,0.1488,0.5848,0.14634,3.27436,0.24083,0.10836
inseason,arcgis_B,wayanad_forest,forest,93244_61252,0.22086,0.15742,0.62172,0.15036,3.71852,0.26077,0.10338
inseason,arcgis_B,wayanad_forest,forest,93248_61244,0.13484,0.12193,0.74323,0.13837,3.83035,0.22804,0.12109
inseason,arcgis_B,wayanad_forest,forest,93248_61248,0.06165,0.07961,0.85874,0.13905,3.21831,0.33941,0.13317
inseason,arcgis_B,wayanad_forest,forest,93248_61252,0.13919,0.10705,0.75376,0.14281,3.53085,0.26907,0.12701
inseason,arcgis_B,wayanad_forest,forest,93248_61256,0.17654,0.15411,0.66935,0.14826,3.55205,0.23324,0.1118
inseason,arcgis_B,wayanad_forest,forest,93252_61240,0.05158,0.05782,0.89061,0.14656,4.06104,0.39699,0.14143
inseason,arcgis_B,wayanad_forest,forest,93252_61244,0.04363,0.09777,0.8586,0.14507,3.37065,0.26907,0.12194
inseason,arcgis_B,wayanad_forest,forest,93252_61248,0.04045,0.06961,0.88994,0.14528,3.43533,0.27203,0.13519
inseason,arcgis_B,wayanad_forest,forest,93252_61252,0.0791,0.08671,0.83419,0.13323,3.25944,0.26907,0.13691
inseason,arcgis_B,wayanad_forest,forest,93252_61256,0.05752,0.09476,0.84772,0.14336,3.65759,0.29732,0.12036
inseason,arcgis_B,wayanad_forest,forest,93256_61244,0.05881,0.09349,0.8477,0.13876,3.52484,0.32558,0.13031
inseason,arcgis_B,wayanad_forest,forest,93256_61248,0.05511,0.06794,0.87695,0.15021,4.60238,0.27203,0.12703
inseason,arcgis_B,wayanad_forest,forest,93256_61252,0.07639,0.09189,0.83172,0.12916,3.38541,0.24083,0.11825
inseason,arcgis_B,wayanad_forest,forest,93256_61256,0.05782,0.10013,0.84205,0.13995,3.67394,0.2126,0.10712
inseason,arcgis_B,wayanad_forest,forest,93260_61248,0.05745,0.08466,0.85789,0.13277,3.6413,0.34059,0.11865
inseason,arcgis_B,wayanad_forest,forest,93260_61252,0.05924,0.092,0.84876,0.13823,3.77242,0.31113,0.12139
inseason,arcgis_B,shillong_hills,hills,98984_55892,0.28138,0.23413,0.4845,0.09665,4.57561,0.12166,0.13015
inseason,arcgis_B,shillong_hills,hills,98984_55896,0.28413,0.23727,0.4786,0.10427,4.58261,0.16125,0.13191
inseason,arcgis_B,shillong_hills,hills,98984_55900,0.27392,0.19953,0.52656,0.10215,4.43716,0.14142,0.13566
inseason,arcgis_B,shillong_hills,hills,98988_55888,0.28711,0.20118,0.51171,0.10144,4.81739,0.22,0.14655
inseason,arcgis_B,shillong_hills,hills,98988_55892,0.30898,0.17654,0.51449,0.10543,4.39022,0.14,0.13373
inseason,arcgis_B,shillong_hills,hills,98988_55896,0.29365,0.23306,0.4733,0.09839,5.15696,0.18111,0.12847
inseason,arcgis_B,shillong_hills,hills,98988_55900,0.2839,0.21997,0.49613,0.10021,4.83835,0.18974,0.13115
inseason,arcgis_B,shillong_hills,hills,98988_55904,0.3142,0.17383,0.51197,0.09553,3.79127,0.18439,0.10139
inseason,arcgis_B,shillong_hills,hills,98992_55888,0.28963,0.15065,0.55971,0.11338,4.70305,0.22,0.12616
inseason,arcgis_B,shillong_hills,hills,98992_55892,0.29931,0.16067,0.54002,0.11758,4.69319,0.16,0.14025
inseason,arcgis_B,shillong_hills,hills,98992_55896,0.34279,0.22972,0.4275,0.09186,5.13318,0.14,0.12814
inseason,arcgis_B,shillong_hills,hills,98992_55900,0.25804,0.20374,0.53823,0.10016,5.28761,0.14142,0.13698
inseason,arcgis_B,shillong_hills,hills,98992_55904,0.30785,0.16547,0.52668,0.09919,3.92069,0.12166,0.09947
inseason,arcgis_B,shillong_hills,hills,98996_55888,0.22515,0.10198,0.67287,0.12654,5.40192,0.23409,0.13623
inseason,arcgis_B,shillong_hills,hills,98996_55892,0.27149,0.22569,0.50282,0.09596,5.09264,0.24331,0.14486
inseason,arcgis_B,shillong_hills,hills,98996_55896,0.35628,0.22288,0.42084,0.09445,5.00189,0.12,0.12372
inseason,arcgis_B,shillong_hills,hills,98996_55900,0.3237,0.25071,0.42559,0.1036,4.44513,0.18111,0.13148
inseason,arcgis_B,shillong_hills,hills,99000_55892,0.33297,0.22888,0.43814,0.0872,6.99792,0.17088,0.11326
inseason,arcgis_B,shillong_hills,hills,99000_55896,0.31981,0.21986,0.46032,0.09725,5.4196,0.201,0.12704
inseason,arcgis_B,lachung_sikkim,snow,97836_55036,0.07893,0.09072,0.83034,0.16502,6.65825,0.06,0.44411
inseason,arcgis_B,lachung_sikkim,snow,97840_55028,0.17994,0.10196,0.7181,0.20199,8.403,0.14,0.32214
inseason,arcgis_B,lachung_sikkim,snow,97840_55032,0.08003,0.12856,0.79141,0.16361,8.12838,0.02828,0.34482
inseason,arcgis_B,lachung_sikkim,snow,97840_55036,0.08934,0.1505,0.76017,0.18872,6.62108,0.08246,0.3713
inseason,arcgis_B,lachung_sikkim,snow,97840_55040,0.1438,0.17464,0.68156,0.1518,6.36236,0.12166,0.32779
inseason,arcgis_B,lachung_sikkim,snow,97844_55032,0.0556,0.08832,0.85608,0.18957,7.49094,0.04472,0.36559
inseason,arcgis_B,lachung_sikkim,snow,97844_55036,0.08259,0.11689,0.80053,0.17947,4.91845,0.1077,0.22351
inseason,arcgis_B,lachung_sikkim,snow,97844_55040,0.04968,0.05709,0.89322,0.10419,7.84147,0.08944,0.16588
inseason,arcgis_B,lachung_sikkim,snow,97848_55036,0.06939,0.0748,0.85581,0.13409,6.77167,0.13416,0.1411
inseason,arcgis_B,lachung_sikkim,snow,97848_55040,0.13198,0.11914,0.74888,0.07427,9.78015,0.10198,0.13845
inseason,arcgis_B,lachung_sikkim,snow,97848_55044,0.19932,0.14998,0.6507,0.05066,8.95158,0.08,0.09763
inseason,arcgis_B,lachung_sikkim,snow,97852_55036,0.08312,0.07385,0.84303,0.10126,6.93366,0.04,0.15312
inseason,arcgis_B,lachung_sikkim,snow,97852_55040,0.19352,0.16276,0.64373,0.07192,11.0613,0.02828,0.12068
offseason,arcgis_B,hyderabad_charminar,urban,94100_59108,0.38607,0.34239,0.27155,0.05471,2.54275,0.17088,0.10717
offseason,arcgis_B,hyderabad_charminar,urban,94100_59112,0.32085,0.45347,0.22568,0.05934,2.75839,0.16492,0.09133
offseason,arcgis_B,hyderabad_charminar,urban,94100_59116,0.35374,0.38421,0.26205,0.05744,2.47099,0.22361,0.10491
offseason,arcgis_B,hyderabad_charminar,urban,94100_59120,0.39225,0.33175,0.276,0.04557,2.24696,0.16125,0.12123
offseason,arcgis_B,hyderabad_charminar,urban,94104_59108,0.35815,0.35024,0.29161,0.05232,2.58547,0.2,0.11688
offseason,arcgis_B,hyderabad_charminar,urban,94104_59112,0.34627,0.41019,0.24354,0.06189,2.89556,0.20396,0.09839
offseason,arcgis_B,hyderabad_charminar,urban,94104_59116,0.38365,0.33285,0.2835,0.0475,2.28401,0.201,0.12238
offseason,arcgis_B,hyderabad_charminar,urban,94104_59120,0.36648,0.33772,0.2958,0.05262,2.31877,0.22091,0.11574
offseason,arcgis_B,hyderabad_charminar,urban,94108_59108,0.35759,0.41044,0.23196,0.07259,2.98366,0.14142,0.09573
offseason,arcgis_B,hyderabad_charminar,urban,94108_59112,0.36728,0.34746,0.28526,0.0504,2.47064,0.201,0.11403
offseason,arcgis_B,hyderabad_charminar,urban,94108_59116,0.37235,0.3503,0.27736,0.04415,2.20066,0.201,0.11323
offseason,arcgis_B,hyderabad_charminar,urban,94108_59120,0.36729,0.33598,0.29672,0.04122,2.21538,0.18974,0.11624
offseason,arcgis_B,hyderabad_charminar,urban,94112_59108,0.35127,0.39483,0.2539,0.06342,2.74512,0.20591,0.10283
offseason,arcgis_B,hyderabad_charminar,urban,94112_59112,0.37826,0.34424,0.2775,0.04749,2.31907,0.20881,0.12004
offseason,arcgis_B,hyderabad_charminar,urban,94112_59116,0.38786,0.34102,0.27112,0.04399,2.23627,0.18974,0.11994
offseason,arcgis_B,varanasi_ghats,urban,95748_56004,0.3345,0.31941,0.34609,0.07877,5.77852,0.08,0.1202
offseason,arcgis_B,varanasi_ghats,urban,95752_56000,0.32757,0.32479,0.34764,0.0753,6.01417,0.06,0.11741
offseason,arcgis_B,varanasi_ghats,urban,95752_56004,0.34106,0.31653,0.34241,0.07758,5.76769,0.06325,0.12156
offseason,arcgis_B,varanasi_ghats,urban,95752_56008,0.29567,0.41256,0.29177,0.06695,5.93266,0.07211,0.09963
offseason,arcgis_B,varanasi_ghats,urban,95756_55996,0.3328,0.29332,0.37388,0.0771,5.03584,0.06325,0.12062
offseason,arcgis_B,varanasi_ghats,urban,95756_56000,0.3353,0.31077,0.35393,0.0751,5.21389,0.06325,0.11979
offseason,arcgis_B,varanasi_ghats,urban,95756_56004,0.251,0.41103,0.33797,0.07353,4.81729,0.04,0.11587
offseason,arcgis_B,varanasi_ghats,urban,95756_56008,0.05217,0.30584,0.64199,0.06237,6.37461,0.06325,0.09696
offseason,arcgis_B,varanasi_ghats,urban,95756_56012,0.06395,0.19515,0.7409,0.05986,6.69178,0.08944,0.10793
offseason,arcgis_B,varanasi_ghats,urban,95760_55996,0.34084,0.34644,0.31272,0.0688,5.64475,0.07211,0.10063
offseason,arcgis_B,varanasi_ghats,urban,95760_56000,0.17141,0.37361,0.45497,0.06783,6.02813,0.05657,0.09973
offseason,arcgis_B,varanasi_ghats,urban,95760_56004,0.08021,0.183,0.73679,0.0932,5.70313,0.02,0.09132
offseason,arcgis_B,varanasi_ghats,urban,95760_56008,0.4124,0.28132,0.30628,0.10691,3.77981,0.0,0.06812
offseason,arcgis_B,varanasi_ghats,urban,95760_56012,0.38139,0.2901,0.32851,0.09982,3.747,0.04472,0.09341
offseason,arcgis_B,varanasi_ghats,urban,95764_56000,0.13745,0.2721,0.59045,0.05163,6.93599,0.02,0.10264
offseason,arcgis_B,varanasi_ghats,urban,95764_56004,0.31389,0.27764,0.40847,0.06311,5.70064,0.07211,0.12449
offseason,arcgis_B,varanasi_ghats,urban,95764_56008,0.32644,0.31921,0.35435,0.05153,5.508,0.08944,0.10595
offseason,arcgis_B,thanjavur_paddy,farmland,94340_61580,0.22427,0.17301,0.60271,0.08695,3.15594,0.22,0.16217
offseason,arcgis_B,thanjavur_paddy,farmland,94340_61584,0.34522,0.24617,0.40861,0.06939,2.58129,0.22804,0.1145
offseason,arcgis_B,thanjavur_paddy,farmland,94340_61588,0.24295,0.24642,0.51063,0.07743,2.94754,0.26,0.11384
offseason,arcgis_B,thanjavur_paddy,farmland,94344_61576,0.18155,0.25587,0.56258,0.08625,3.42373,0.18439,0.11692
offseason,arcgis_B,thanjavur_paddy,farmland,94344_61580,0.3169,0.21111,0.47199,0.07002,2.7493,0.20396,0.11421
offseason,arcgis_B,thanjavur_paddy,farmland,94344_61584,0.33204,0.25014,0.41781,0.07359,2.82132,0.30067,0.10707
offseason,arcgis_B,thanjavur_paddy,farmland,94344_61588,0.29391,0.263,0.44309,0.07956,3.35366,0.29732,0.10614
offseason,arcgis_B,thanjavur_paddy,farmland,94344_61592,0.34778,0.26887,0.38336,0.08266,3.42427,0.26306,0.0975
offseason,arcgis_B,thanjavur_paddy,farmland,94348_61576,0.14012,0.12156,0.73832,0.07387,2.9577,0.24083,0.15187
offseason,arcgis_B,thanjavur_paddy,farmland,94348_61580,0.36354,0.27301,0.36345,0.05816,2.78782,0.22091,0.09989
offseason,arcgis_B,thanjavur_paddy,farmland,94348_61584,0.33587,0.29744,0.36669,0.06556,2.84068,0.23409,0.09544
offseason,arcgis_B,thanjavur_paddy,farmland,94348_61588,0.31681,0.32619,0.357,0.06585,3.01003,0.20881,0.09552
offseason,arcgis_B,thanjavur_paddy,farmland,94348_61592,0.31941,0.32858,0.352,0.06459,2.92675,0.26077,0.09597
offseason,arcgis_B,thanjavur_paddy,farmland,94352_61576,0.17059,0.13862,0.69079,0.13909,5.14935,0.18974,0.17139
offseason,arcgis_B,thanjavur_paddy,farmland,94352_61580,0.31416,0.18227,0.50357,0.09644,3.96695,0.24083,0.13271
offseason,arcgis_B,thanjavur_paddy,farmland,94352_61584,0.42571,0.19344,0.38085,0.08258,4.15836,0.24083,0.11286
offseason,arcgis_B,thanjavur_paddy,farmland,94352_61588,0.30583,0.21541,0.47876,0.08026,2.72241,0.26077,0.10865
offseason,arcgis_B,thanjavur_paddy,farmland,94356_61580,0.23115,0.32075,0.4481,0.1071,3.85135,0.18111,0.11206
offseason,arcgis_B,thanjavur_paddy,farmland,94356_61584,0.41998,0.22763,0.35239,0.11809,5.89086,0.16125,0.09462
offseason,arcgis_B,barmer_desert,desert,91520_55824,0.34629,0.36131,0.29241,0.05244,4.74388,0.07211,0.1069
offseason,arcgis_B,barmer_desert,desert,91520_55828,0.33694,0.41441,0.24865,0.04515,5.43581,0.04472,0.10027
offseason,arcgis_B,barmer_desert,desert,91524_55820,0.38587,0.33953,0.2746,0.06725,5.21677,0.14142,0.10021
offseason,arcgis_B,barmer_desert,desert,91524_55824,0.36289,0.34134,0.29578,0.08666,6.29809,0.12806,0.12988
offseason,arcgis_B,barmer_desert,desert,91524_55828,0.36855,0.39448,0.23697,0.10586,5.94892,0.16492,0.13311
offseason,arcgis_B,barmer_desert,desert,91524_55832,0.39401,0.38916,0.21682,0.08771,5.21949,0.12166,0.12691
offseason,arcgis_B,barmer_desert,desert,91528_55816,0.33882,0.36386,0.29732,0.06199,5.03024,0.1077,0.09485
offseason,arcgis_B,barmer_desert,desert,91528_55820,0.36713,0.38509,0.24778,0.08338,5.67851,0.18868,0.10743
offseason,arcgis_B,barmer_desert,desert,91528_55824,0.40007,0.31001,0.28993,0.09288,5.91325,0.18974,0.12498
offseason,arcgis_B,barmer_desert,desert,91528_55828,0.39686,0.29381,0.30934,0.15,4.95827,0.20396,0.18251
offseason,arcgis_B,barmer_desert,desert,91528_55832,0.37804,0.34736,0.27461,0.12207,4.29391,0.11662,0.15737
offseason,arcgis_B,barmer_desert,desert,91532_55820,0.38046,0.29902,0.32051,0.08342,4.97241,0.12166,0.12352
offseason,arcgis_B,barmer_desert,desert,91532_55824,0.34813,0.29903,0.35284,0.09563,5.08578,0.08246,0.14039
offseason,arcgis_B,barmer_desert,desert,91532_55828,0.34796,0.24967,0.40236,0.09091,4.89612,0.12806,0.12437
offseason,arcgis_B,barmer_desert,desert,91532_55832,0.34051,0.31729,0.34221,0.08925,4.0843,0.14422,0.13639
offseason,arcgis_B,barmer_desert,desert,91536_55824,0.31091,0.30259,0.3865,0.12534,3.9314,0.12,0.18608
offseason,arcgis_B,barmer_desert,desert,91536_55828,0.2999,0.27789,0.42221,0.0974,4.59525,0.10198,0.16582
offseason,arcgis_B,wayanad_forest,forest,93244_61248,0.25326,0.15427,0.59247,0.1254,5.86166,0.2,0.1341
offseason,arcgis_B,wayanad_forest,forest,93244_61252,0.21924,0.15853,0.62223,0.12993,5.67359,0.2126,0.133
offseason,arcgis_B,wayanad_forest,forest,93248_61244,0.10536,0.15287,0.74177,0.12473,4.34393,0.18868,0.13014
offseason,arcgis_B,wayanad_forest,forest,93248_61248,0.07997,0.08804,0.83198,0.14056,3.36885,0.23324,0.13946
offseason,arcgis_B,wayanad_forest,forest,93248_61252,0.14079,0.11873,0.74048,0.13894,3.76647,0.18439,0.13462
offseason,arcgis_B,wayanad_forest,forest,93248_61256,0.16351,0.15722,0.67926,0.13655,5.04236,0.20591,0.13504
offseason,arcgis_B,wayanad_forest,forest,93252_61240,0.08004,0.08225,0.83771,0.14062,3.72858,0.32311,0.13774
offseason,arcgis_B,wayanad_forest,forest,93252_61244,0.05921,0.11208,0.82871,0.11366,3.98424,0.25298,0.11445
offseason,arcgis_B,wayanad_forest,forest,93252_61248,0.05187,0.07829,0.86984,0.13879,3.52466,0.18974,0.13399
offseason,arcgis_B,wayanad_forest,forest,93252_61252,0.09943,0.10029,0.80028,0.12931,3.33739,0.28284,0.13735
offseason,arcgis_B,wayanad_forest,forest,93252_61256,0.09805,0.11303,0.78891,0.14133,3.75819,0.21541,0.13334
offseason,arcgis_B,wayanad_forest,forest,93256_61244,0.10183,0.10345,0.79472,0.13492,3.77989,0.27857,0.13687
offseason,arcgis_B,wayanad_forest,forest,93256_61248,0.07281,0.09685,0.83034,0.14131,3.84938,0.17088,0.12158
offseason,arcgis_B,wayanad_forest,forest,93256_61252,0.09701,0.10595,0.79704,0.13111,3.44902,0.22091,0.12221
offseason,arcgis_B,wayanad_forest,forest,93256_61256,0.09383,0.13719,0.76898,0.13328,3.3316,0.22804,0.11675
offseason,arcgis_B,wayanad_forest,forest,93260_61248,0.07332,0.10181,0.82488,0.1296,3.2235,0.27785,0.12379
offseason,arcgis_B,wayanad_forest,forest,93260_61252,0.10004,0.10572,0.79425,0.13439,3.26744,0.22804,0.12158
offseason,arcgis_B,shillong_hills,hills,98984_55892,0.38469,0.37948,0.23584,0.07071,4.74598,0.16125,0.09929
offseason,arcgis_B,shillong_hills,hills,98984_55896,0.36367,0.38095,0.25538,0.07912,4.27227,0.17088,0.09951
offseason,arcgis_B,shillong_hills,hills,98984_55900,0.37854,0.36356,0.25789,0.07478,4.64122,0.19698,0.09847
offseason,arcgis_B,shillong_hills,hills,98988_55888,0.36311,0.36483,0.27206,0.07508,4.89716,0.25298,0.10073
offseason,arcgis_B,shillong_hills,hills,98988_55892,0.37756,0.32431,0.29812,0.0764,5.52317,0.18439,0.09482
offseason,arcgis_B,shillong_hills,hills,98988_55896,0.36474,0.37726,0.25801,0.07751,5.17684,0.22361,0.09972
offseason,arcgis_B,shillong_hills,hills,98988_55900,0.37124,0.39579,0.23297,0.07956,4.89806,0.26907,0.09486
offseason,arcgis_B,shillong_hills,hills,98988_55904,0.36702,0.32808,0.3049,0.07815,5.53861,0.21541,0.07376
offseason,arcgis_B,shillong_hills,hills,98992_55888,0.40269,0.26635,0.33096,0.07942,6.84683,0.26,0.09528
offseason,arcgis_B,shillong_hills,hills,98992_55892,0.39059,0.33021,0.2792,0.07527,5.39124,0.19698,0.09357
offseason,arcgis_B,shillong_hills,hills,98992_55896,0.40234,0.37632,0.22134,0.07798,5.60696,0.17889,0.09716
offseason,arcgis_B,shillong_hills,hills,98992_55900,0.35857,0.402,0.23944,0.07772,4.90415,0.2,0.095
offseason,arcgis_B,shillong_hills,hills,98992_55904,0.38015,0.27148,0.34838,0.08207,6.65401,0.17088,0.07849
offseason,arcgis_B,shillong_hills,hills,98996_55888,0.33538,0.17941,0.48521,0.09117,7.07373,0.21633,0.10499
offseason,arcgis_B,shillong_hills,hills,98996_55892,0.34852,0.40017,0.25131,0.06771,4.49698,0.21541,0.09839
offseason,arcgis_B,shillong_hills,hills,98996_55896,0.41385,0.35751,0.22864,0.07149,5.89554,0.1562,0.09303
offseason,arcgis_B,shillong_hills,hills,98996_55900,0.40189,0.35814,0.23997,0.07801,3.70173,0.17889,0.10283
offseason,arcgis_B,shillong_hills,hills,99000_55892,0.27197,0.36447,0.36357,0.07118,5.69551,0.19698,0.09631
offseason,arcgis_B,shillong_hills,hills,99000_55896,0.30173,0.3858,0.31247,0.07857,4.82766,0.20881,0.10095
offseason,arcgis_B,lachung_sikkim,snow,97836_55036,0.07719,0.09162,0.8312,0.12648,9.10696,0.02,0.43317
offseason,arcgis_B,lachung_sikkim,snow,97840_55028,0.13671,0.11389,0.7494,0.19817,8.54755,0.07211,0.2345
offseason,arcgis_B,lachung_sikkim,snow,97840_55036,0.14358,0.15949,0.69693,0.19126,6.99428,0.08246,0.36075
offseason,arcgis_B,lachung_sikkim,snow,97840_55040,0.16829,0.17048,0.66123,0.20296,3.50248,0.16,0.32309
offseason,arcgis_B,lachung_sikkim,snow,97844_55032,0.05626,0.09818,0.84555,0.17731,8.37743,0.02,0.35103
offseason,arcgis_B,lachung_sikkim,snow,97844_55036,0.11025,0.1328,0.75695,0.17051,5.97904,0.04472,0.20789
offseason,arcgis_B,lachung_sikkim,snow,97844_55040,0.05026,0.06662,0.88311,0.13079,3.45487,0.1,0.1451
offseason,arcgis_B,lachung_sikkim,snow,97848_55036,0.08744,0.09367,0.81889,0.13154,7.74474,0.06325,0.12419
offseason,arcgis_B,lachung_sikkim,snow,97848_55040,0.14056,0.14383,0.71561,0.08173,4.20682,0.16,0.11824
offseason,arcgis_B,lachung_sikkim,snow,97848_55044,0.26922,0.25951,0.47127,0.04198,5.05844,0.1077,0.07471
offseason,arcgis_B,lachung_sikkim,snow,97852_55036,0.08899,0.07072,0.84029,0.10499,7.31251,0.04,0.14377
offseason,arcgis_B,lachung_sikkim,snow,97852_55040,0.18659,0.23473,0.57867,0.07843,5.25104,0.08246,0.09866
inseason,s2colour,hyderabad_charminar,urban,94100_59108,0.36192,0.2809,0.35718,0.0337,0.60468,0.26077,0.12122
inseason,s2colour,hyderabad_charminar,urban,94100_59112,0.33571,0.32021,0.34408,0.02878,0.58587,0.23409,0.10772
inseason,s2colour,hyderabad_charminar,urban,94100_59116,0.36004,0.28684,0.35312,0.03049,0.56004,0.2506,0.11631
inseason,s2colour,hyderabad_charminar,urban,94100_59120,0.33466,0.3354,0.32994,0.02726,0.45916,0.21633,0.1075
inseason,s2colour,hyderabad_charminar,urban,94104_59108,0.34825,0.30337,0.34838,0.03127,0.58955,0.21541,0.11871
inseason,s2colour,hyderabad_charminar,urban,94104_59112,0.34051,0.31722,0.34227,0.02952,0.61468,0.22361,0.10858
inseason,s2colour,hyderabad_charminar,urban,94104_59116,0.34262,0.29997,0.35741,0.03295,0.52914,0.26,0.11828
inseason,s2colour,hyderabad_charminar,urban,94104_59120,0.34043,0.30909,0.35048,0.03071,0.5566,0.23324,0.11421
inseason,s2colour,hyderabad_charminar,urban,94108_59108,0.3516,0.30067,0.34773,0.03029,0.63648,0.24166,0.11492
inseason,s2colour,hyderabad_charminar,urban,94108_59112,0.36125,0.29099,0.34775,0.03332,0.52413,0.2506,0.11985
inseason,s2colour,hyderabad_charminar,urban,94108_59116,0.34831,0.29396,0.35773,0.03302,0.49789,0.2506,0.11759
inseason,s2colour,hyderabad_charminar,urban,94108_59120,0.35014,0.31279,0.33707,0.03004,0.51095,0.22361,0.1148
inseason,s2colour,hyderabad_charminar,urban,94112_59108,0.34599,0.30375,0.35026,0.0316,0.61359,0.2953,0.11431
inseason,s2colour,hyderabad_charminar,urban,94112_59112,0.34342,0.32273,0.33385,0.03674,0.55227,0.2953,0.11588
inseason,s2colour,hyderabad_charminar,urban,94112_59116,0.35229,0.32789,0.31982,0.03463,0.4961,0.27785,0.11533
inseason,s2colour,varanasi_ghats,urban,95748_56004,0.35844,0.31783,0.32373,0.03541,0.69598,0.08944,0.11376
inseason,s2colour,varanasi_ghats,urban,95752_56000,0.36616,0.33309,0.30076,0.03158,0.61642,0.08246,0.10553
inseason,s2colour,varanasi_ghats,urban,95752_56004,0.38385,0.31936,0.2968,0.0335,0.72314,0.06325,0.11123
inseason,s2colour,varanasi_ghats,urban,95752_56008,0.38548,0.34564,0.26887,0.02898,0.80726,0.06325,0.1139
inseason,s2colour,varanasi_ghats,urban,95756_55996,0.39666,0.30454,0.2988,0.03594,0.69624,0.1077,0.10806
inseason,s2colour,varanasi_ghats,urban,95756_56000,0.38346,0.32372,0.29282,0.03192,0.59949,0.07211,0.1071
inseason,s2colour,varanasi_ghats,urban,95756_56004,0.36976,0.35359,0.27664,0.03173,0.61026,0.06325,0.10468
inseason,s2colour,varanasi_ghats,urban,95756_56008,0.36204,0.39165,0.24631,0.02194,0.69794,0.02828,0.08682
inseason,s2colour,varanasi_ghats,urban,95756_56012,0.34417,0.34994,0.30589,0.01875,0.70346,0.1,0.07488
inseason,s2colour,varanasi_ghats,urban,95760_55996,0.38436,0.31245,0.30318,0.03202,0.80718,0.06325,0.09909
inseason,s2colour,varanasi_ghats,urban,95760_56000,0.36895,0.34827,0.28278,0.03099,0.79749,0.06325,0.09155
inseason,s2colour,varanasi_ghats,urban,95760_56004,0.17885,0.23276,0.58839,0.00987,0.51122,0.02,0.06767
inseason,s2colour,varanasi_ghats,urban,95760_56008,0.31317,0.32543,0.36141,0.00934,0.59261,0.10198,0.03948
inseason,s2colour,varanasi_ghats,urban,95760_56012,0.23733,0.40096,0.3617,0.01064,0.56215,0.06325,0.04374
inseason,s2colour,varanasi_ghats,urban,95764_56000,0.31978,0.36111,0.31911,0.01597,1.40896,0.06325,0.05705
inseason,s2colour,varanasi_ghats,urban,95764_56004,0.33768,0.31084,0.35148,0.02036,1.06768,0.08944,0.08116
inseason,s2colour,varanasi_ghats,urban,95764_56008,0.34725,0.32138,0.33137,0.01624,0.96401,0.1077,0.07862
inseason,s2colour,thanjavur_paddy,farmland,94340_61580,0.13357,0.29398,0.57244,0.0147,1.15616,0.07211,0.12519
inseason,s2colour,thanjavur_paddy,farmland,94340_61584,0.14225,0.55134,0.30641,0.02453,1.39854,0.12649,0.06587
inseason,s2colour,thanjavur_paddy,farmland,94340_61588,0.13719,0.54995,0.31286,0.02296,1.37717,0.13416,0.06534
inseason,s2colour,thanjavur_paddy,farmland,94344_61576,0.11974,0.42135,0.45891,0.01116,1.11138,0.02,0.08754
inseason,s2colour,thanjavur_paddy,farmland,94344_61580,0.11007,0.31723,0.5727,0.01652,0.96379,0.08246,0.07129
inseason,s2colour,thanjavur_paddy,farmland,94344_61584,0.13218,0.47229,0.39554,0.02126,1.35572,0.12649,0.06488
inseason,s2colour,thanjavur_paddy,farmland,94344_61588,0.1242,0.53313,0.34267,0.0204,1.34506,0.1,0.0615
inseason,s2colour,thanjavur_paddy,farmland,94344_61592,0.12174,0.54589,0.33237,0.01995,1.47039,0.08944,0.0546
inseason,s2colour,thanjavur_paddy,farmland,94348_61576,0.08789,0.26194,0.65016,0.01848,0.92767,0.12649,0.10895
inseason,s2colour,thanjavur_paddy,farmland,94348_61580,0.12553,0.51151,0.36296,0.01946,0.86127,0.1,0.05731
inseason,s2colour,thanjavur_paddy,farmland,94348_61584,0.10728,0.59209,0.30063,0.02235,1.31509,0.1,0.05315
inseason,s2colour,thanjavur_paddy,farmland,94348_61588,0.15683,0.5749,0.26827,0.02279,1.15126,0.11662,0.0584
inseason,s2colour,thanjavur_paddy,farmland,94348_61592,0.16621,0.59514,0.23865,0.02602,1.08413,0.17088,0.06051
inseason,s2colour,thanjavur_paddy,farmland,94352_61576,0.2231,0.53703,0.23986,0.01122,1.16436,0.04,0.08567
inseason,s2colour,thanjavur_paddy,farmland,94352_61580,0.12134,0.54376,0.3349,0.01646,1.04172,0.08944,0.06769
inseason,s2colour,thanjavur_paddy,farmland,94352_61584,0.08466,0.4003,0.51504,0.01897,1.40317,0.08485,0.05782
inseason,s2colour,thanjavur_paddy,farmland,94352_61588,0.12283,0.56285,0.31432,0.02153,1.2934,0.1077,0.05706
inseason,s2colour,thanjavur_paddy,farmland,94356_61580,0.20342,0.55494,0.24165,0.01247,1.0606,0.02,0.06798
inseason,s2colour,thanjavur_paddy,farmland,94356_61584,0.08234,0.41159,0.50607,0.01248,2.13405,0.05657,0.05127
inseason,s2colour,barmer_desert,desert,91520_55824,0.32157,0.35966,0.31877,0.02287,0.86797,0.12166,0.07872
inseason,s2colour,barmer_desert,desert,91520_55828,0.33737,0.44191,0.22072,0.02191,0.94477,0.06325,0.08883
inseason,s2colour,barmer_desert,desert,91524_55820,0.33804,0.36408,0.29788,0.02532,0.7417,0.12806,0.08839
inseason,s2colour,barmer_desert,desert,91524_55824,0.39155,0.31066,0.29779,0.03845,1.33406,0.1456,0.12007
inseason,s2colour,barmer_desert,desert,91524_55828,0.40012,0.37638,0.2235,0.0353,1.05901,0.14142,0.12156
inseason,s2colour,barmer_desert,desert,91524_55832,0.37674,0.38475,0.23851,0.03181,0.96659,0.12166,0.11526
inseason,s2colour,barmer_desert,desert,91528_55816,0.37291,0.36447,0.26262,0.02764,0.7708,0.1,0.08585
inseason,s2colour,barmer_desert,desert,91528_55820,0.35457,0.37267,0.27275,0.03749,0.99946,0.15232,0.0983
inseason,s2colour,barmer_desert,desert,91528_55824,0.37351,0.34542,0.28107,0.03527,1.00818,0.17088,0.09403
inseason,s2colour,barmer_desert,desert,91528_55828,0.38099,0.36041,0.25861,0.04461,0.98972,0.16492,0.12504
inseason,s2colour,barmer_desert,desert,91528_55832,0.35604,0.39151,0.25245,0.03946,0.75799,0.15232,0.12489
inseason,s2colour,barmer_desert,desert,91532_55820,0.37296,0.32149,0.30555,0.03319,0.90106,0.17088,0.08461
inseason,s2colour,barmer_desert,desert,91532_55824,0.35521,0.37679,0.268,0.03353,0.9364,0.12649,0.08106
inseason,s2colour,barmer_desert,desert,91532_55828,0.32062,0.35896,0.32043,0.03409,0.78745,0.12806,0.07286
inseason,s2colour,barmer_desert,desert,91532_55832,0.35179,0.41324,0.23497,0.03692,0.8097,0.15232,0.09228
inseason,s2colour,barmer_desert,desert,91536_55824,0.36237,0.37517,0.26246,0.04116,0.92241,0.13416,0.10419
inseason,s2colour,barmer_desert,desert,91536_55828,0.36535,0.36867,0.26598,0.03976,1.09627,0.1456,0.10014
inseason,s2colour,wayanad_forest,forest,93244_61248,0.20759,0.17883,0.61358,0.00765,0.87289,0.17205,0.10445
inseason,s2colour,wayanad_forest,forest,93244_61252,0.19183,0.18465,0.62352,0.00887,1.00091,0.16971,0.10067
inseason,s2colour,wayanad_forest,forest,93248_61244,0.08599,0.14022,0.77379,0.00696,0.7932,0.14142,0.11964
inseason,s2colour,wayanad_forest,forest,93248_61248,0.06592,0.08214,0.85195,0.00733,0.93675,0.2126,0.13363
inseason,s2colour,wayanad_forest,forest,93248_61252,0.09385,0.11747,0.78868,0.0083,0.95323,0.18868,0.12672
inseason,s2colour,wayanad_forest,forest,93248_61256,0.13975,0.18296,0.67729,0.00595,0.7762,0.12806,0.11098
inseason,s2colour,wayanad_forest,forest,93252_61240,0.04662,0.05582,0.89757,0.00725,1.06145,0.26077,0.14171
inseason,s2colour,wayanad_forest,forest,93252_61244,0.04068,0.09465,0.86467,0.00796,0.81794,0.16971,0.12186
inseason,s2colour,wayanad_forest,forest,93252_61248,0.03987,0.07396,0.88617,0.00704,0.8688,0.18439,0.13494
inseason,s2colour,wayanad_forest,forest,93252_61252,0.08108,0.09705,0.82187,0.00951,0.94983,0.24083,0.13711
inseason,s2colour,wayanad_forest,forest,93252_61256,0.05851,0.11799,0.8235,0.00692,0.83965,0.2,0.12019
inseason,s2colour,wayanad_forest,forest,93256_61244,0.05003,0.09438,0.85559,0.00759,0.91523,0.21633,0.13055
inseason,s2colour,wayanad_forest,forest,93256_61248,0.04944,0.07579,0.87477,0.00598,0.91466,0.18439,0.12678
inseason,s2colour,wayanad_forest,forest,93256_61252,0.06698,0.10102,0.832,0.00878,0.95209,0.22804,0.11792
inseason,s2colour,wayanad_forest,forest,93256_61256,0.05483,0.10972,0.83544,0.00732,0.86881,0.18439,0.10661
inseason,s2colour,wayanad_forest,forest,93260_61248,0.04915,0.08917,0.86168,0.00764,0.89002,0.19799,0.11822
inseason,s2colour,wayanad_forest,forest,93260_61252,0.05207,0.09238,0.85555,0.00791,0.99357,0.22804,0.12129
inseason,s2colour,shillong_hills,hills,98984_55892,0.31091,0.26881,0.42028,0.02502,1.62809,0.12,0.13029
inseason,s2colour,shillong_hills,hills,98984_55896,0.28181,0.25627,0.46192,0.02622,1.42905,0.12,0.13155
inseason,s2colour,shillong_hills,hills,98984_55900,0.26094,0.22401,0.51505,0.02361,1.67983,0.1456,0.13349
inseason,s2colour,shillong_hills,hills,98988_55888,0.2693,0.20752,0.52319,0.02466,1.37529,0.16125,0.14599
inseason,s2colour,shillong_hills,hills,98988_55892,0.2573,0.21614,0.52656,0.01978,1.75577,0.12166,0.12963
inseason,s2colour,shillong_hills,hills,98988_55896,0.30882,0.23848,0.45269,0.02443,1.66118,0.1456,0.13059
inseason,s2colour,shillong_hills,hills,98988_55900,0.31765,0.23581,0.44654,0.02431,1.67215,0.1456,0.13332
inseason,s2colour,shillong_hills,hills,98988_55904,0.28062,0.24396,0.47542,0.01855,2.48795,0.14,0.09549
inseason,s2colour,shillong_hills,hills,98992_55888,0.23568,0.21315,0.55116,0.0186,1.89907,0.1456,0.11949
inseason,s2colour,shillong_hills,hills,98992_55892,0.23879,0.22694,0.53427,0.0191,1.70902,0.14,0.13296
inseason,s2colour,shillong_hills,hills,98992_55896,0.3447,0.26192,0.39338,0.02266,1.72708,0.12166,0.128
inseason,s2colour,shillong_hills,hills,98992_55900,0.27181,0.21337,0.51482,0.02527,1.47526,0.14142,0.13665
inseason,s2colour,shillong_hills,hills,98992_55904,0.28093,0.22494,0.49413,0.01516,2.76517,0.08944,0.09402
inseason,s2colour,shillong_hills,hills,98996_55888,0.20556,0.16869,0.62575,0.01196,1.60485,0.1456,0.12732
inseason,s2colour,shillong_hills,hills,98996_55892,0.2572,0.24717,0.49564,0.02646,1.22172,0.1456,0.14187
inseason,s2colour,shillong_hills,hills,98996_55896,0.34218,0.26022,0.3976,0.02143,1.71533,0.10198,0.12245
inseason,s2colour,shillong_hills,hills,98996_55900,0.32327,0.24962,0.4271,0.02988,1.37661,0.16492,0.13173
inseason,s2colour,shillong_hills,hills,99000_55892,0.28022,0.29171,0.42806,0.0182,1.48695,0.1077,0.10897
inseason,s2colour,shillong_hills,hills,99000_55896,0.30699,0.25235,0.44066,0.02523,1.52426,0.1456,0.1252
inseason,s2colour,lachung_sikkim,snow,97836_55036,0.0698,0.0784,0.8518,0.01303,1.47566,0.02,0.44793
inseason,s2colour,lachung_sikkim,snow,97840_55028,0.09666,0.24909,0.65424,0.01607,1.31388,0.02828,0.22585
inseason,s2colour,lachung_sikkim,snow,97840_55032,0.08417,0.1199,0.79593,0.0111,1.42514,0.04472,0.34701
inseason,s2colour,lachung_sikkim,snow,97840_55036,0.11876,0.1426,0.73864,0.01197,1.41189,0.06,0.37561
inseason,s2colour,lachung_sikkim,snow,97840_55040,0.13575,0.15053,0.71372,0.01309,1.67111,0.10198,0.33161
inseason,s2colour,lachung_sikkim,snow,97844_55032,0.05794,0.08262,0.85944,0.00943,1.30626,0.02,0.36795
inseason,s2colour,lachung_sikkim,snow,97844_55036,0.09217,0.17197,0.73586,0.01681,1.25799,0.08246,0.22273
inseason,s2colour,lachung_sikkim,snow,97844_55040,0.06216,0.04855,0.88928,0.01409,2.52282,0.06325,0.16701
inseason,s2colour,lachung_sikkim,snow,97848_55036,0.11181,0.08023,0.80796,0.01751,1.51498,0.08246,0.14108
inseason,s2colour,lachung_sikkim,snow,97848_55040,0.14919,0.09746,0.75335,0.01167,3.46708,0.04472,0.14117
inseason,s2colour,lachung_sikkim,snow,97848_55044,0.19538,0.12878,0.67584,0.01142,4.01925,0.06325,0.09828
inseason,s2colour,lachung_sikkim,snow,97852_55036,0.13376,0.08637,0.77987,0.01178,1.69896,0.02,0.15455
inseason,s2colour,lachung_sikkim,snow,97852_55040,0.24034,0.12888,0.63078,0.0098,3.37234,0.04,0.1224
offseason,s2colour,hyderabad_charminar,urban,94100_59108,0.36334,0.3584,0.27826,0.02118,0.50721,0.11314,0.09952
offseason,s2colour,hyderabad_charminar,urban,94100_59112,0.28415,0.52822,0.18763,0.01971,0.51612,0.06325,0.08024
offseason,s2colour,hyderabad_charminar,urban,94100_59116,0.3459,0.39282,0.26128,0.02037,0.47698,0.08,0.09693
offseason,s2colour,hyderabad_charminar,urban,94100_59120,0.38804,0.34158,0.27038,0.01996,0.37351,0.06,0.11494
offseason,s2colour,hyderabad_charminar,urban,94104_59108,0.36529,0.34321,0.2915,0.02107,0.44878,0.08944,0.10948
offseason,s2colour,hyderabad_charminar,urban,94104_59112,0.31845,0.45389,0.22766,0.01904,0.52363,0.07211,0.08828
offseason,s2colour,hyderabad_charminar,urban,94104_59116,0.37584,0.33954,0.28462,0.02098,0.42179,0.06325,0.11685
offseason,s2colour,hyderabad_charminar,urban,94104_59120,0.37158,0.33658,0.29185,0.02052,0.4461,0.08,0.11204
offseason,s2colour,hyderabad_charminar,urban,94108_59108,0.31335,0.48307,0.20358,0.01903,0.57282,0.07211,0.08147
offseason,s2colour,hyderabad_charminar,urban,94108_59112,0.369,0.35188,0.27912,0.02055,0.42928,0.06325,0.10881
offseason,s2colour,hyderabad_charminar,urban,94108_59116,0.37375,0.34833,0.27792,0.02015,0.38801,0.06,0.11115
offseason,s2colour,hyderabad_charminar,urban,94108_59120,0.38141,0.32665,0.29194,0.02083,0.4056,0.07211,0.11624
offseason,s2colour,hyderabad_charminar,urban,94112_59108,0.34487,0.42469,0.23044,0.01994,0.54316,0.1,0.09364
offseason,s2colour,hyderabad_charminar,urban,94112_59112,0.37617,0.34857,0.27527,0.02185,0.44509,0.08246,0.11549
offseason,s2colour,hyderabad_charminar,urban,94112_59116,0.38112,0.35354,0.26534,0.02077,0.39707,0.08944,0.1141
offseason,s2colour,varanasi_ghats,urban,95748_56004,0.35653,0.33349,0.30998,0.0352,0.91574,0.04472,0.11907
offseason,s2colour,varanasi_ghats,urban,95752_56000,0.32756,0.35702,0.31541,0.03105,0.79707,0.04472,0.11502
offseason,s2colour,varanasi_ghats,urban,95752_56004,0.349,0.33541,0.31559,0.03265,0.8293,0.05657,0.11761
offseason,s2colour,varanasi_ghats,urban,95752_56008,0.27453,0.47964,0.24583,0.02919,0.79964,0.08485,0.09107
offseason,s2colour,varanasi_ghats,urban,95756_55996,0.35623,0.30358,0.34019,0.03346,0.68126,0.07211,0.12228
offseason,s2colour,varanasi_ghats,urban,95756_56000,0.34739,0.32361,0.32901,0.03146,0.74802,0.04472,0.11893
offseason,s2colour,varanasi_ghats,urban,95756_56004,0.23173,0.51002,0.25825,0.03069,0.70257,0.02828,0.10765
offseason,s2colour,varanasi_ghats,urban,95756_56008,0.05423,0.38824,0.55754,0.02195,1.03637,0.05657,0.08204
offseason,s2colour,varanasi_ghats,urban,95756_56012,0.05613,0.42752,0.51635,0.02091,0.86746,0.08485,0.08674
offseason,s2colour,varanasi_ghats,urban,95760_55996,0.33636,0.37393,0.28971,0.03458,1.70421,0.07211,0.09674
offseason,s2colour,varanasi_ghats,urban,95760_56000,0.15887,0.50841,0.33272,0.02857,1.05146,0.05657,0.09411
offseason,s2colour,varanasi_ghats,urban,95760_56004,0.05571,0.18347,0.76082,0.00987,0.6891,0.04,0.08021
offseason,s2colour,varanasi_ghats,urban,95760_56008,0.32579,0.33976,0.33444,0.01257,0.48996,0.0,0.05427
offseason,s2colour,varanasi_ghats,urban,95760_56012,0.31631,0.36419,0.3195,0.01393,0.46583,0.02828,0.07789
offseason,s2colour,varanasi_ghats,urban,95764_56000,0.10658,0.36947,0.52395,0.01684,1.06113,0.02828,0.09114
offseason,s2colour,varanasi_ghats,urban,95764_56004,0.32426,0.28887,0.38687,0.02655,1.2956,0.07211,0.11705
offseason,s2colour,varanasi_ghats,urban,95764_56008,0.32788,0.3293,0.34282,0.02202,0.83029,0.08246,0.10496
offseason,s2colour,thanjavur_paddy,farmland,94340_61580,0.15052,0.2337,0.61579,0.01458,1.10775,0.1456,0.15777
offseason,s2colour,thanjavur_paddy,farmland,94340_61584,0.22041,0.40635,0.37324,0.02269,0.95664,0.16492,0.09638
offseason,s2colour,thanjavur_paddy,farmland,94340_61588,0.19257,0.43213,0.3753,0.022,1.07071,0.18974,0.09779
offseason,s2colour,thanjavur_paddy,farmland,94344_61576,0.16413,0.41991,0.41596,0.01266,1.42243,0.1456,0.10853
offseason,s2colour,thanjavur_paddy,farmland,94344_61580,0.2222,0.33512,0.44268,0.01885,1.01349,0.12649,0.10078
offseason,s2colour,thanjavur_paddy,farmland,94344_61584,0.22483,0.40486,0.37031,0.02091,1.00479,0.18974,0.09121
offseason,s2colour,thanjavur_paddy,farmland,94344_61588,0.21015,0.42673,0.36311,0.02008,1.10844,0.17889,0.09043
offseason,s2colour,thanjavur_paddy,farmland,94344_61592,0.21334,0.49755,0.28911,0.01952,1.09922,0.15232,0.07473
offseason,s2colour,thanjavur_paddy,farmland,94348_61576,0.131,0.23221,0.63679,0.02067,1.15624,0.22361,0.14394
offseason,s2colour,thanjavur_paddy,farmland,94348_61580,0.24279,0.42052,0.3367,0.02211,0.89027,0.17088,0.08371
offseason,s2colour,thanjavur_paddy,farmland,94348_61584,0.20602,0.51821,0.27577,0.0216,0.87697,0.16125,0.0727
offseason,s2colour,thanjavur_paddy,farmland,94348_61588,0.22346,0.47152,0.30501,0.0226,0.85294,0.17889,0.07937
offseason,s2colour,thanjavur_paddy,farmland,94348_61592,0.24249,0.48422,0.27329,0.02511,0.80418,0.21541,0.08049
offseason,s2colour,thanjavur_paddy,farmland,94352_61576,0.09279,0.2556,0.65161,0.0091,1.46757,0.16492,0.16737
offseason,s2colour,thanjavur_paddy,farmland,94352_61580,0.1635,0.36304,0.47345,0.01639,1.06068,0.17088,0.11096
offseason,s2colour,thanjavur_paddy,farmland,94352_61584,0.17963,0.46609,0.35428,0.019,0.94261,0.17088,0.08115
offseason,s2colour,thanjavur_paddy,farmland,94352_61588,0.19142,0.45174,0.35684,0.02007,0.91171,0.19698,0.08695
offseason,s2colour,thanjavur_paddy,farmland,94356_61580,0.16432,0.433,0.40268,0.01178,1.22678,0.1077,0.10322
offseason,s2colour,thanjavur_paddy,farmland,94356_61584,0.30635,0.32268,0.37097,0.00941,1.27697,0.13416,0.08361
offseason,s2colour,barmer_desert,desert,91520_55824,0.3269,0.40166,0.27145,0.01748,0.58229,0.06,0.09795
offseason,s2colour,barmer_desert,desert,91520_55828,0.34081,0.43204,0.22715,0.01484,0.58956,0.02828,0.09504
offseason,s2colour,barmer_desert,desert,91524_55820,0.37413,0.36015,0.26572,0.02968,0.94169,0.1,0.09316
offseason,s2colour,barmer_desert,desert,91524_55824,0.305,0.43844,0.25656,0.03434,1.37765,0.08944,0.1018
offseason,s2colour,barmer_desert,desert,91524_55828,0.29504,0.54132,0.16364,0.03375,1.26843,0.14142,0.09287
offseason,s2colour,barmer_desert,desert,91524_55832,0.31381,0.51822,0.16797,0.03126,1.15104,0.08,0.08821
offseason,s2colour,barmer_desert,desert,91528_55816,0.32815,0.4305,0.24136,0.03034,0.9272,0.05657,0.08314
offseason,s2colour,barmer_desert,desert,91528_55820,0.32361,0.46595,0.21044,0.03949,1.20771,0.13416,0.09071
offseason,s2colour,barmer_desert,desert,91528_55824,0.31354,0.44698,0.23947,0.03522,1.25358,0.15232,0.09326
offseason,s2colour,barmer_desert,desert,91528_55828,0.36175,0.35882,0.27943,0.0413,0.91187,0.14142,0.15329
offseason,s2colour,barmer_desert,desert,91528_55832,0.33798,0.41116,0.25086,0.03868,0.78394,0.1077,0.1284
offseason,s2colour,barmer_desert,desert,91532_55820,0.35043,0.34248,0.30708,0.03291,0.78572,0.06325,0.11503
offseason,s2colour,barmer_desert,desert,91532_55824,0.31879,0.38025,0.30096,0.0299,0.80064,0.05657,0.12428
offseason,s2colour,barmer_desert,desert,91532_55828,0.26001,0.34974,0.39025,0.03207,0.75772,0.11662,0.10779
offseason,s2colour,barmer_desert,desert,91532_55832,0.33482,0.34516,0.32002,0.03383,0.65173,0.1,0.1289
offseason,s2colour,barmer_desert,desert,91536_55824,0.29181,0.3418,0.36639,0.03206,0.62526,0.07211,0.17626
offseason,s2colour,barmer_desert,desert,91536_55828,0.28424,0.30668,0.40908,0.03402,0.76716,0.07211,0.15624
offseason,s2colour,wayanad_forest,forest,93244_61248,0.20759,0.1852,0.60721,0.00931,1.90291,0.16971,0.13182
offseason,s2colour,wayanad_forest,forest,93244_61252,0.20865,0.18816,0.60319,0.0101,2.22188,0.17205,0.13309
offseason,s2colour,wayanad_forest,forest,93248_61244,0.08148,0.24202,0.6765,0.00921,1.24671,0.11314,0.12759
offseason,s2colour,wayanad_forest,forest,93248_61248,0.06808,0.09492,0.837,0.00697,0.97985,0.18868,0.13929
offseason,s2colour,wayanad_forest,forest,93248_61252,0.10703,0.12996,0.76301,0.00774,1.01355,0.16125,0.13405
offseason,s2colour,wayanad_forest,forest,93248_61256,0.125,0.20668,0.66832,0.00776,1.12174,0.13416,0.13422
offseason,s2colour,wayanad_forest,forest,93252_61240,0.06811,0.09277,0.83912,0.00677,1.01122,0.2506,0.1379
offseason,s2colour,wayanad_forest,forest,93252_61244,0.06248,0.14636,0.79117,0.00892,0.9823,0.15232,0.11213
offseason,s2colour,wayanad_forest,forest,93252_61248,0.04667,0.09423,0.85911,0.00787,1.00159,0.15232,0.13336
offseason,s2colour,wayanad_forest,forest,93252_61252,0.09596,0.11161,0.79244,0.00902,0.9132,0.24166,0.1371
offseason,s2colour,wayanad_forest,forest,93252_61256,0.07692,0.12849,0.79459,0.0074,0.99271,0.17889,0.13316
offseason,s2colour,wayanad_forest,forest,93256_61244,0.06748,0.12313,0.80939,0.00859,1.2065,0.18868,0.13619
offseason,s2colour,wayanad_forest,forest,93256_61248,0.05838,0.11195,0.82967,0.00806,1.16361,0.11662,0.12127
offseason,s2colour,wayanad_forest,forest,93256_61252,0.08601,0.13458,0.77941,0.0088,1.05416,0.19698,0.12191
offseason,s2colour,wayanad_forest,forest,93256_61256,0.07401,0.15769,0.7683,0.00738,0.88013,0.18868,0.11637
offseason,s2colour,wayanad_forest,forest,93260_61248,0.05585,0.12049,0.82366,0.00805,1.01517,0.1562,0.12326
offseason,s2colour,wayanad_forest,forest,93260_61252,0.07239,0.12499,0.80262,0.00701,0.86197,0.15232,0.12112
offseason,s2colour,shillong_hills,hills,98984_55892,0.4131,0.38994,0.19696,0.0278,1.41649,0.17088,0.10083
offseason,s2colour,shillong_hills,hills,98984_55896,0.36285,0.41483,0.22232,0.02772,1.16564,0.1456,0.09787
offseason,s2colour,shillong_hills,hills,98984_55900,0.38328,0.38594,0.23077,0.02691,1.45172,0.16492,0.0987
offseason,s2colour,shillong_hills,hills,98988_55888,0.39402,0.35135,0.25463,0.02788,1.16569,0.18974,0.10639
offseason,s2colour,shillong_hills,hills,98988_55892,0.33317,0.43335,0.23348,0.02184,1.46815,0.1456,0.08839
offseason,s2colour,shillong_hills,hills,98988_55896,0.3624,0.41536,0.22224,0.02678,1.56632,0.16125,0.09933
offseason,s2colour,shillong_hills,hills,98988_55900,0.36714,0.42546,0.2074,0.02761,1.52433,0.16125,0.09334
offseason,s2colour,shillong_hills,hills,98988_55904,0.31359,0.48964,0.19677,0.01834,1.9492,0.16492,0.06212
offseason,s2colour,shillong_hills,hills,98992_55888,0.29978,0.44629,0.25393,0.02052,1.54668,0.17088,0.0806
offseason,s2colour,shillong_hills,hills,98992_55892,0.30986,0.48453,0.20561,0.02077,1.40306,0.17088,0.08297
offseason,s2colour,shillong_hills,hills,98992_55896,0.35111,0.45869,0.1902,0.02578,1.59791,0.15232,0.08963
offseason,s2colour,shillong_hills,hills,98992_55900,0.34054,0.4357,0.22377,0.02893,1.35422,0.15232,0.09225
offseason,s2colour,shillong_hills,hills,98992_55904,0.33065,0.40292,0.26643,0.01487,2.16528,0.10198,0.06755
offseason,s2colour,shillong_hills,hills,98996_55888,0.24039,0.37762,0.38199,0.01441,1.63732,0.14422,0.08703
offseason,s2colour,shillong_hills,hills,98996_55892,0.36994,0.40448,0.22558,0.03022,1.25294,0.17088,0.09919
offseason,s2colour,shillong_hills,hills,98996_55896,0.34885,0.4575,0.19365,0.02443,1.56198,0.12649,0.08157
offseason,s2colour,shillong_hills,hills,98996_55900,0.42135,0.35458,0.22407,0.03259,1.19151,0.19698,0.10565
offseason,s2colour,shillong_hills,hills,99000_55892,0.26917,0.5112,0.21964,0.02107,1.81867,0.13416,0.08832
offseason,s2colour,shillong_hills,hills,99000_55896,0.30481,0.4635,0.23169,0.02748,1.50932,0.1456,0.09796
offseason,s2colour,lachung_sikkim,snow,97836_55036,0.06807,0.07884,0.85309,0.0143,2.07138,0.02,0.43623
offseason,s2colour,lachung_sikkim,snow,97840_55028,0.09214,0.17391,0.73395,0.01746,1.46442,0.0,0.16646
offseason,s2colour,lachung_sikkim,snow,97840_55036,0.12086,0.14748,0.73166,0.01219,1.45785,0.04,0.36438
offseason,s2colour,lachung_sikkim,snow,97840_55040,0.15618,0.15621,0.68761,0.01362,1.92373,0.10198,0.32545
offseason,s2colour,lachung_sikkim,snow,97844_55032,0.05648,0.09089,0.85263,0.0098,1.37849,0.02,0.35285
offseason,s2colour,lachung_sikkim,snow,97844_55036,0.11084,0.19951,0.68964,0.01702,1.06994,0.04472,0.20713
offseason,s2colour,lachung_sikkim,snow,97844_55040,0.10062,0.08432,0.81506,0.01698,2.15874,0.05657,0.14332
offseason,s2colour,lachung_sikkim,snow,97848_55036,0.1308,0.09662,0.77258,0.01815,1.53019,0.06325,0.12412
offseason,s2colour,lachung_sikkim,snow,97848_55040,0.20087,0.15037,0.64876,0.01612,3.14678,0.06325,0.12032
offseason,s2colour,lachung_sikkim,snow,97848_55044,0.26657,0.29119,0.44224,0.01636,3.04822,0.06325,0.07157
offseason,s2colour,lachung_sikkim,snow,97852_55036,0.15491,0.07815,0.76694,0.01506,2.12333,0.02,0.14562
offseason,s2colour,lachung_sikkim,snow,97852_55040,0.28468,0.30256,0.41277,0.01445,2.94934,0.04472,0.09761
inseason,bicubic_1date,hyderabad_charminar,urban,94100_59108,0.15959,0.6625,0.17791,0.00852,0.49292,0.0,0.08852
inseason,bicubic_1date,hyderabad_charminar,urban,94100_59112,0.18681,0.65354,0.15965,0.00759,0.42821,0.0,0.07993
inseason,bicubic_1date,hyderabad_charminar,urban,94100_59116,0.20052,0.63062,0.16886,0.00886,0.45046,0.0,0.086
inseason,bicubic_1date,hyderabad_charminar,urban,94100_59120,0.27414,0.57245,0.15341,0.00899,0.44209,0.0,0.08504
inseason,bicubic_1date,hyderabad_charminar,urban,94104_59108,0.25,0.59137,0.15863,0.00915,0.41527,0.0,0.09282
inseason,bicubic_1date,hyderabad_charminar,urban,94104_59112,0.20063,0.66119,0.13819,0.00786,0.41512,0.0,0.0788
inseason,bicubic_1date,hyderabad_charminar,urban,94104_59116,0.28714,0.50147,0.21139,0.00906,0.43778,0.0,0.09812
inseason,bicubic_1date,hyderabad_charminar,urban,94104_59120,0.25014,0.57437,0.17549,0.00848,0.45201,0.0,0.09185
inseason,bicubic_1date,hyderabad_charminar,urban,94108_59108,0.19521,0.64548,0.15931,0.00747,0.4116,0.0,0.08343
inseason,bicubic_1date,hyderabad_charminar,urban,94108_59112,0.26651,0.52173,0.21176,0.00903,0.4629,0.0,0.09561
inseason,bicubic_1date,hyderabad_charminar,urban,94108_59116,0.25739,0.52113,0.22148,0.00862,0.46908,0.0,0.09824
inseason,bicubic_1date,hyderabad_charminar,urban,94108_59120,0.26971,0.55588,0.1744,0.00839,0.44205,0.0,0.09059
inseason,bicubic_1date,hyderabad_charminar,urban,94112_59108,0.18547,0.67631,0.13822,0.00787,0.42181,0.0,0.08228
inseason,bicubic_1date,hyderabad_charminar,urban,94112_59112,0.24825,0.58843,0.16332,0.00925,0.4844,0.0,0.09138
inseason,bicubic_1date,hyderabad_charminar,urban,94112_59116,0.28997,0.53623,0.1738,0.00886,0.49818,0.0,0.09357
inseason,bicubic_1date,varanasi_ghats,urban,95748_56004,0.29884,0.41043,0.29072,0.00758,0.45059,0.0,0.10203
inseason,bicubic_1date,varanasi_ghats,urban,95752_56000,0.25112,0.54227,0.2066,0.00687,0.48646,0.0,0.08307
inseason,bicubic_1date,varanasi_ghats,urban,95752_56004,0.28013,0.4578,0.26207,0.00741,0.47121,0.0,0.09233
inseason,bicubic_1date,varanasi_ghats,urban,95752_56008,0.32075,0.48957,0.18969,0.00584,0.36518,0.0,0.09139
inseason,bicubic_1date,varanasi_ghats,urban,95756_55996,0.16347,0.70434,0.13218,0.00859,0.66617,0.0,0.0737
inseason,bicubic_1date,varanasi_ghats,urban,95756_56000,0.28615,0.47122,0.24263,0.00687,0.45652,0.0,0.08725
inseason,bicubic_1date,varanasi_ghats,urban,95756_56004,0.26828,0.53291,0.19881,0.00721,0.45124,0.0,0.08574
inseason,bicubic_1date,varanasi_ghats,urban,95756_56008,0.29906,0.57243,0.12851,0.0046,0.36865,0.0,0.07212
inseason,bicubic_1date,varanasi_ghats,urban,95756_56012,0.32626,0.42394,0.2498,0.00382,0.28022,0.0,0.07042
inseason,bicubic_1date,varanasi_ghats,urban,95760_55996,0.18686,0.6095,0.20364,0.00748,0.64866,0.0,0.08221
inseason,bicubic_1date,varanasi_ghats,urban,95760_56000,0.17373,0.60402,0.22225,0.00723,0.56772,0.0,0.07707
inseason,bicubic_1date,varanasi_ghats,urban,95760_56004,0.10406,0.15272,0.74322,0.00309,0.26445,0.0,0.09061
inseason,bicubic_1date,varanasi_ghats,urban,95760_56008,0.28594,0.2425,0.47156,0.00241,0.22136,0.0,0.05718
inseason,bicubic_1date,varanasi_ghats,urban,95760_56012,0.15696,0.43093,0.41212,0.00287,0.22757,0.0,0.05755
inseason,bicubic_1date,varanasi_ghats,urban,95764_56000,0.14927,0.46733,0.3834,0.00388,0.39688,0.0,0.06757
inseason,bicubic_1date,varanasi_ghats,urban,95764_56004,0.15299,0.53359,0.31342,0.00542,0.63098,0.0,0.08493
inseason,bicubic_1date,varanasi_ghats,urban,95764_56008,0.15096,0.62135,0.22769,0.00406,0.49432,0.0,0.07189
inseason,bicubic_1date,thanjavur_paddy,farmland,94340_61580,0.08363,0.27137,0.645,0.00867,0.76192,0.0,0.12887
inseason,bicubic_1date,thanjavur_paddy,farmland,94340_61584,0.05128,0.55437,0.39436,0.01631,1.20118,0.0,0.04063
inseason,bicubic_1date,thanjavur_paddy,farmland,94340_61588,0.06821,0.621,0.31079,0.01651,1.2768,0.0,0.04298
inseason,bicubic_1date,thanjavur_paddy,farmland,94344_61576,0.06663,0.27506,0.65831,0.0051,0.63956,0.0,0.10565
inseason,bicubic_1date,thanjavur_paddy,farmland,94344_61580,0.05754,0.24607,0.69639,0.01139,0.98901,0.0,0.05402
inseason,bicubic_1date,thanjavur_paddy,farmland,94344_61584,0.05597,0.43417,0.50986,0.01453,1.36325,0.0,0.04604
inseason,bicubic_1date,thanjavur_paddy,farmland,94344_61588,0.06989,0.52744,0.40267,0.01424,1.15861,0.0,0.04713
inseason,bicubic_1date,thanjavur_paddy,farmland,94344_61592,0.06555,0.39096,0.54349,0.0141,1.34005,0.0,0.04809
inseason,bicubic_1date,thanjavur_paddy,farmland,94348_61576,0.06016,0.20269,0.73715,0.01255,0.89378,0.0,0.09201
inseason,bicubic_1date,thanjavur_paddy,farmland,94348_61580,0.04963,0.53945,0.41092,0.01467,1.10751,0.0,0.03009
inseason,bicubic_1date,thanjavur_paddy,farmland,94348_61584,0.05685,0.42757,0.51557,0.01614,1.3748,0.0,0.04039
inseason,bicubic_1date,thanjavur_paddy,farmland,94348_61588,0.06187,0.65889,0.27924,0.01616,1.28898,0.0,0.0362
inseason,bicubic_1date,thanjavur_paddy,farmland,94348_61592,0.05936,0.75919,0.18146,0.01811,1.3415,0.0,0.03502
inseason,bicubic_1date,thanjavur_paddy,farmland,94352_61576,0.10867,0.39014,0.50119,0.00302,0.36661,0.0,0.11503
inseason,bicubic_1date,thanjavur_paddy,farmland,94352_61580,0.07001,0.38597,0.54402,0.00962,0.76278,0.0,0.06808
inseason,bicubic_1date,thanjavur_paddy,farmland,94352_61584,0.04497,0.18467,0.77037,0.01394,1.24433,0.0,0.05042
inseason,bicubic_1date,thanjavur_paddy,farmland,94352_61588,0.06167,0.47511,0.46323,0.01446,1.23069,0.0,0.04137
inseason,bicubic_1date,thanjavur_paddy,farmland,94356_61580,0.20289,0.50551,0.2916,0.00575,0.53835,0.0,0.07854
inseason,bicubic_1date,thanjavur_paddy,farmland,94356_61584,0.03696,0.06146,0.90158,0.00595,1.17549,0.0,0.06119
inseason,bicubic_1date,barmer_desert,desert,91520_55824,0.19668,0.65723,0.14609,0.00515,0.28634,0.0,0.06703
inseason,bicubic_1date,barmer_desert,desert,91520_55828,0.21251,0.68297,0.10452,0.00445,0.26733,0.0,0.07591
inseason,bicubic_1date,barmer_desert,desert,91524_55820,0.27481,0.56125,0.16394,0.00795,0.38732,0.0,0.07102
inseason,bicubic_1date,barmer_desert,desert,91524_55824,0.23736,0.5559,0.20674,0.01052,0.58965,0.0,0.06752
inseason,bicubic_1date,barmer_desert,desert,91524_55828,0.23262,0.6196,0.14778,0.01059,0.45734,0.0,0.06873
inseason,bicubic_1date,barmer_desert,desert,91524_55832,0.29962,0.4879,0.21249,0.00937,0.4066,0.0,0.07913
inseason,bicubic_1date,barmer_desert,desert,91528_55816,0.302,0.52301,0.17499,0.00797,0.3599,0.0,0.063
inseason,bicubic_1date,barmer_desert,desert,91528_55820,0.25179,0.58927,0.15894,0.01141,0.5873,0.0,0.05962
inseason,bicubic_1date,barmer_desert,desert,91528_55824,0.18128,0.66012,0.1586,0.01042,0.57199,0.0,0.05135
inseason,bicubic_1date,barmer_desert,desert,91528_55828,0.25905,0.6139,0.12705,0.01439,0.61795,0.0,0.06612
inseason,bicubic_1date,barmer_desert,desert,91528_55832,0.35921,0.45277,0.18802,0.01199,0.46414,0.0,0.09073
inseason,bicubic_1date,barmer_desert,desert,91532_55820,0.11896,0.80978,0.07126,0.00782,0.39457,0.0,0.04345
inseason,bicubic_1date,barmer_desert,desert,91532_55824,0.12914,0.80208,0.06878,0.00846,0.39833,0.0,0.03868
inseason,bicubic_1date,barmer_desert,desert,91532_55828,0.0743,0.8527,0.073,0.00925,0.3999,0.0,0.03532
inseason,bicubic_1date,barmer_desert,desert,91532_55832,0.27858,0.57801,0.1434,0.00936,0.39496,0.0,0.0551
inseason,bicubic_1date,barmer_desert,desert,91536_55824,0.25394,0.60888,0.13718,0.0103,0.47084,0.0,0.06768
inseason,bicubic_1date,barmer_desert,desert,91536_55828,0.23286,0.59652,0.17062,0.00924,0.40337,0.0,0.0695
inseason,bicubic_1date,wayanad_forest,forest,93244_61248,0.13859,0.24919,0.61222,0.0028,0.44688,0.0,0.10448
inseason,bicubic_1date,wayanad_forest,forest,93244_61252,0.13406,0.22272,0.64322,0.00272,0.4516,0.02,0.10742
inseason,bicubic_1date,wayanad_forest,forest,93248_61244,0.06943,0.13362,0.79695,0.00211,0.39646,0.0,0.13193
inseason,bicubic_1date,wayanad_forest,forest,93248_61248,0.05553,0.14101,0.80345,0.00229,0.43208,0.0,0.11169
inseason,bicubic_1date,wayanad_forest,forest,93248_61252,0.07015,0.18247,0.74739,0.00247,0.44196,0.0,0.10441
inseason,bicubic_1date,wayanad_forest,forest,93248_61256,0.092,0.21899,0.68901,0.00204,0.39831,0.0,0.1024
inseason,bicubic_1date,wayanad_forest,forest,93252_61240,0.03871,0.0778,0.8835,0.00206,0.46222,0.0,0.1264
inseason,bicubic_1date,wayanad_forest,forest,93252_61244,0.04472,0.10217,0.85311,0.00243,0.40023,0.0,0.12302
inseason,bicubic_1date,wayanad_forest,forest,93252_61248,0.04293,0.10743,0.84965,0.00226,0.42377,0.0,0.12186
inseason,bicubic_1date,wayanad_forest,forest,93252_61252,0.05952,0.13861,0.80187,0.00271,0.45867,0.0,0.11478
inseason,bicubic_1date,wayanad_forest,forest,93252_61256,0.05408,0.15848,0.78745,0.00223,0.43165,0.0,0.11221
inseason,bicubic_1date,wayanad_forest,forest,93256_61244,0.05095,0.13248,0.81657,0.00233,0.41338,0.0,0.12021
inseason,bicubic_1date,wayanad_forest,forest,93256_61248,0.04036,0.09009,0.86955,0.00167,0.40911,0.0,0.1205
inseason,bicubic_1date,wayanad_forest,forest,93256_61252,0.06027,0.16151,0.77822,0.00259,0.45574,0.0,0.10349
inseason,bicubic_1date,wayanad_forest,forest,93256_61256,0.08012,0.21183,0.70805,0.0025,0.41689,0.0,0.08781
inseason,bicubic_1date,wayanad_forest,forest,93260_61248,0.05335,0.12833,0.81832,0.0022,0.42113,0.0,0.11463
inseason,bicubic_1date,wayanad_forest,forest,93260_61252,0.05603,0.15627,0.7877,0.00241,0.44933,0.0,0.10453
inseason,bicubic_1date,shillong_hills,hills,98984_55892,0.17566,0.5702,0.25414,0.00632,0.9772,0.0,0.11989
inseason,bicubic_1date,shillong_hills,hills,98984_55896,0.1589,0.59295,0.24815,0.00641,0.82958,0.0,0.11897
inseason,bicubic_1date,shillong_hills,hills,98984_55900,0.17718,0.48124,0.34158,0.00601,0.91674,0.0,0.12742
inseason,bicubic_1date,shillong_hills,hills,98988_55888,0.16885,0.46838,0.36277,0.00619,0.81818,0.0,0.14106
inseason,bicubic_1date,shillong_hills,hills,98988_55892,0.17779,0.37496,0.44725,0.00456,0.852,0.0,0.12772
inseason,bicubic_1date,shillong_hills,hills,98988_55896,0.15806,0.59557,0.24637,0.00631,0.95601,0.0,0.11485
inseason,bicubic_1date,shillong_hills,hills,98988_55900,0.17574,0.52971,0.29455,0.00665,0.92461,0.0,0.11963
inseason,bicubic_1date,shillong_hills,hills,98988_55904,0.2008,0.3233,0.4759,0.00393,0.90327,0.0,0.09636
inseason,bicubic_1date,shillong_hills,hills,98992_55888,0.17084,0.31069,0.51847,0.00448,0.82085,0.0,0.11876
inseason,bicubic_1date,shillong_hills,hills,98992_55892,0.19173,0.37909,0.42918,0.00429,0.70867,0.0,0.13193
inseason,bicubic_1date,shillong_hills,hills,98992_55896,0.16655,0.58599,0.24746,0.00627,0.96237,0.02,0.11275
inseason,bicubic_1date,shillong_hills,hills,98992_55900,0.16749,0.49687,0.33564,0.00683,0.85582,0.0,0.12896
inseason,bicubic_1date,shillong_hills,hills,98992_55904,0.20218,0.28402,0.51379,0.00289,0.91533,0.0,0.09866
inseason,bicubic_1date,shillong_hills,hills,98996_55888,0.14083,0.20629,0.65288,0.00287,0.61885,0.0,0.13365
inseason,bicubic_1date,shillong_hills,hills,98996_55892,0.18686,0.50884,0.3043,0.00676,0.70112,0.0,0.13268
inseason,bicubic_1date,shillong_hills,hills,98996_55896,0.18186,0.55549,0.26265,0.00571,0.88794,0.0,0.10738
inseason,bicubic_1date,shillong_hills,hills,98996_55900,0.20349,0.53952,0.25699,0.00758,0.82207,0.0,0.11528
inseason,bicubic_1date,shillong_hills,hills,99000_55892,0.19303,0.57807,0.2289,0.00472,0.56833,0.0,0.09182
inseason,bicubic_1date,shillong_hills,hills,99000_55896,0.16124,0.56716,0.2716,0.00613,0.77427,0.0,0.11101
inseason,bicubic_1date,lachung_sikkim,snow,97836_55036,0.06411,0.10212,0.83376,0.00226,0.43968,0.0,0.45174
inseason,bicubic_1date,lachung_sikkim,snow,97840_55028,0.06435,0.21147,0.72418,0.00568,0.57869,0.0,0.20398
inseason,bicubic_1date,lachung_sikkim,snow,97840_55032,0.07001,0.11104,0.81895,0.00205,0.61928,0.0,0.35581
inseason,bicubic_1date,lachung_sikkim,snow,97840_55036,0.07405,0.1708,0.75515,0.00177,0.35536,0.0,0.38178
inseason,bicubic_1date,lachung_sikkim,snow,97840_55040,0.10337,0.26513,0.63149,0.00233,0.40469,0.0,0.31515
inseason,bicubic_1date,lachung_sikkim,snow,97844_55032,0.05814,0.09278,0.84908,0.00172,0.39077,0.0,0.37387
inseason,bicubic_1date,lachung_sikkim,snow,97844_55036,0.06569,0.20481,0.7295,0.00479,0.52691,0.0,0.22502
inseason,bicubic_1date,lachung_sikkim,snow,97844_55040,0.04882,0.11033,0.84085,0.003,0.55678,0.0,0.14477
inseason,bicubic_1date,lachung_sikkim,snow,97848_55036,0.05058,0.11856,0.83085,0.00378,0.52087,0.0,0.14551
inseason,bicubic_1date,lachung_sikkim,snow,97848_55040,0.14173,0.27017,0.58811,0.00227,0.76232,0.0,0.11656
inseason,bicubic_1date,lachung_sikkim,snow,97848_55044,0.19841,0.38636,0.41522,0.00225,0.88444,0.0,0.07928
inseason,bicubic_1date,lachung_sikkim,snow,97852_55036,0.07981,0.16324,0.75695,0.00207,0.53761,0.0,0.14931
inseason,bicubic_1date,lachung_sikkim,snow,97852_55040,0.24913,0.38087,0.37,0.00205,0.83298,0.0,0.09848
inseason,sen2sr_lite,hyderabad_charminar,urban,94100_59108,0.15403,0.64328,0.20269,0.00619,0.47176,0.0,0.08893
inseason,sen2sr_lite,hyderabad_charminar,urban,94100_59112,0.18314,0.63671,0.18015,0.00556,0.41251,0.0,0.08038
inseason,sen2sr_lite,hyderabad_charminar,urban,94100_59116,0.19578,0.61111,0.19311,0.00653,0.43674,0.0,0.08669
inseason,sen2sr_lite,hyderabad_charminar,urban,94100_59120,0.26677,0.5609,0.17232,0.00646,0.3952,0.0,0.08574
inseason,sen2sr_lite,hyderabad_charminar,urban,94104_59108,0.24357,0.57688,0.17955,0.0067,0.39702,0.0,0.09365
inseason,sen2sr_lite,hyderabad_charminar,urban,94104_59112,0.1951,0.65083,0.15407,0.00582,0.39558,0.0,0.07949
inseason,sen2sr_lite,hyderabad_charminar,urban,94104_59116,0.27833,0.48775,0.23393,0.00663,0.42155,0.0,0.09861
inseason,sen2sr_lite,hyderabad_charminar,urban,94104_59120,0.24006,0.55944,0.2005,0.0062,0.41812,0.0,0.09229
inseason,sen2sr_lite,hyderabad_charminar,urban,94108_59108,0.19027,0.63443,0.1753,0.00552,0.38898,0.0,0.08382
inseason,sen2sr_lite,hyderabad_charminar,urban,94108_59112,0.25859,0.50749,0.23392,0.00668,0.42738,0.0,0.09654
inseason,sen2sr_lite,hyderabad_charminar,urban,94108_59116,0.252,0.49794,0.25006,0.00623,0.43236,0.0,0.09882
inseason,sen2sr_lite,hyderabad_charminar,urban,94108_59120,0.26354,0.53816,0.19831,0.00593,0.40602,0.0,0.09137
inseason,sen2sr_lite,hyderabad_charminar,urban,94112_59108,0.18129,0.66474,0.15397,0.00577,0.38756,0.0,0.08275
inseason,sen2sr_lite,hyderabad_charminar,urban,94112_59112,0.23908,0.57595,0.18498,0.00666,0.44076,0.0,0.09171
inseason,sen2sr_lite,hyderabad_charminar,urban,94112_59116,0.28209,0.52105,0.19686,0.00631,0.44694,0.0,0.09441
inseason,sen2sr_lite,varanasi_ghats,urban,95748_56004,0.28982,0.40706,0.30313,0.00583,0.43333,0.0,0.10207
inseason,sen2sr_lite,varanasi_ghats,urban,95752_56000,0.25265,0.52575,0.22159,0.0053,0.46227,0.0,0.08446
inseason,sen2sr_lite,varanasi_ghats,urban,95752_56004,0.27638,0.45015,0.27347,0.0057,0.46353,0.0,0.09287
inseason,sen2sr_lite,varanasi_ghats,urban,95752_56008,0.32839,0.47435,0.19726,0.00438,0.35248,0.0,0.09359
inseason,sen2sr_lite,varanasi_ghats,urban,95756_55996,0.16537,0.68219,0.15244,0.00649,0.65177,0.0,0.07492
inseason,sen2sr_lite,varanasi_ghats,urban,95756_56000,0.29612,0.42745,0.27643,0.00526,0.43494,0.0,0.09246
inseason,sen2sr_lite,varanasi_ghats,urban,95756_56004,0.29042,0.46515,0.24443,0.00546,0.44006,0.0,0.09313
inseason,sen2sr_lite,varanasi_ghats,urban,95756_56008,0.32078,0.47457,0.20465,0.00336,0.33085,0.0,0.08149
inseason,sen2sr_lite,varanasi_ghats,urban,95756_56012,0.32845,0.41661,0.25494,0.00299,0.26788,0.0,0.0708
inseason,sen2sr_lite,varanasi_ghats,urban,95760_55996,0.18363,0.59037,0.226,0.00565,0.64881,0.0,0.08289
inseason,sen2sr_lite,varanasi_ghats,urban,95760_56000,0.17179,0.58694,0.24126,0.0055,0.56521,0.0,0.07755
inseason,sen2sr_lite,varanasi_ghats,urban,95760_56004,0.10442,0.15499,0.7406,0.00244,0.24676,0.0,0.09061
inseason,sen2sr_lite,varanasi_ghats,urban,95760_56008,0.2836,0.24229,0.47411,0.00185,0.21383,0.0,0.05726
inseason,sen2sr_lite,varanasi_ghats,urban,95760_56012,0.15556,0.42564,0.4188,0.00219,0.21443,0.0,0.05771
inseason,sen2sr_lite,varanasi_ghats,urban,95764_56000,0.15188,0.45724,0.39087,0.00314,0.39563,0.0,0.06759
inseason,sen2sr_lite,varanasi_ghats,urban,95764_56004,0.14485,0.51657,0.33858,0.00435,0.66451,0.0,0.08511
inseason,sen2sr_lite,varanasi_ghats,urban,95764_56008,0.14668,0.61054,0.24278,0.00325,0.50579,0.0,0.07191
inseason,sen2sr_lite,thanjavur_paddy,farmland,94340_61580,0.07937,0.26555,0.65508,0.00694,0.75461,0.0,0.12983
inseason,sen2sr_lite,thanjavur_paddy,farmland,94340_61584,0.05756,0.53354,0.4089,0.01242,1.15653,0.0,0.04663
inseason,sen2sr_lite,thanjavur_paddy,farmland,94340_61588,0.076,0.58152,0.34248,0.01266,1.24403,0.0,0.04952
inseason,sen2sr_lite,thanjavur_paddy,farmland,94344_61576,0.06724,0.26969,0.66306,0.00409,0.6326,0.0,0.10563
inseason,sen2sr_lite,thanjavur_paddy,farmland,94344_61580,0.0589,0.23546,0.70563,0.00902,0.99029,0.0,0.05697
inseason,sen2sr_lite,thanjavur_paddy,farmland,94344_61584,0.06082,0.40587,0.53331,0.01131,1.33826,0.0,0.05115
inseason,sen2sr_lite,thanjavur_paddy,farmland,94344_61588,0.07438,0.50009,0.42553,0.01148,1.15101,0.0,0.05156
inseason,sen2sr_lite,thanjavur_paddy,farmland,94344_61592,0.06835,0.37531,0.55634,0.01169,1.34377,0.0,0.05204
inseason,sen2sr_lite,thanjavur_paddy,farmland,94348_61576,0.06075,0.19581,0.74344,0.00973,0.85718,0.0,0.09471
inseason,sen2sr_lite,thanjavur_paddy,farmland,94348_61580,0.05553,0.51703,0.42743,0.01166,1.1,0.0,0.03614
inseason,sen2sr_lite,thanjavur_paddy,farmland,94348_61584,0.05975,0.40646,0.53379,0.01318,1.33288,0.0,0.0457
inseason,sen2sr_lite,thanjavur_paddy,farmland,94348_61588,0.07042,0.6208,0.30878,0.01285,1.27986,0.0,0.04252
inseason,sen2sr_lite,thanjavur_paddy,farmland,94348_61592,0.07334,0.70304,0.22361,0.0141,1.30734,0.0,0.04302
inseason,sen2sr_lite,thanjavur_paddy,farmland,94352_61576,0.10846,0.38728,0.50426,0.00252,0.37044,0.0,0.115
inseason,sen2sr_lite,thanjavur_paddy,farmland,94352_61580,0.0715,0.37434,0.55416,0.00744,0.74029,0.0,0.0696
inseason,sen2sr_lite,thanjavur_paddy,farmland,94352_61584,0.04706,0.17838,0.77456,0.01127,1.24802,0.02,0.05455
inseason,sen2sr_lite,thanjavur_paddy,farmland,94352_61588,0.06625,0.45407,0.47969,0.0113,1.22868,0.0,0.04625
inseason,sen2sr_lite,thanjavur_paddy,farmland,94356_61580,0.20157,0.49355,0.30488,0.00466,0.52051,0.0,0.07896
inseason,sen2sr_lite,thanjavur_paddy,farmland,94356_61584,0.037,0.06096,0.90204,0.00516,1.30835,0.02,0.06238
inseason,sen2sr_lite,barmer_desert,desert,91520_55824,0.19531,0.64706,0.15763,0.00397,0.28358,0.0,0.06743
inseason,sen2sr_lite,barmer_desert,desert,91520_55828,0.21182,0.67932,0.10886,0.00366,0.26941,0.0,0.07619
inseason,sen2sr_lite,barmer_desert,desert,91524_55820,0.27196,0.55357,0.17446,0.00603,0.37709,0.0,0.07144
inseason,sen2sr_lite,barmer_desert,desert,91524_55824,0.23068,0.55415,0.21517,0.00784,0.56539,0.0,0.06894
inseason,sen2sr_lite,barmer_desert,desert,91524_55828,0.23638,0.61086,0.15276,0.0079,0.44766,0.0,0.07059
inseason,sen2sr_lite,barmer_desert,desert,91524_55832,0.30411,0.50892,0.18697,0.007,0.38609,0.0,0.07332
inseason,sen2sr_lite,barmer_desert,desert,91528_55816,0.29914,0.51688,0.18398,0.00598,0.3404,0.0,0.06364
inseason,sen2sr_lite,barmer_desert,desert,91528_55820,0.25159,0.57782,0.17059,0.00872,0.57353,0.0,0.06166
inseason,sen2sr_lite,barmer_desert,desert,91528_55824,0.18301,0.64866,0.16833,0.00781,0.55619,0.0,0.05324
inseason,sen2sr_lite,barmer_desert,desert,91528_55828,0.26121,0.6046,0.13419,0.01031,0.58296,0.0,0.06929
inseason,sen2sr_lite,barmer_desert,desert,91528_55832,0.35746,0.44917,0.19337,0.00875,0.42519,0.0,0.09232
inseason,sen2sr_lite,barmer_desert,desert,91532_55820,0.1238,0.79446,0.08174,0.00594,0.36673,0.0,0.04428
inseason,sen2sr_lite,barmer_desert,desert,91532_55824,0.13516,0.78679,0.07805,0.0065,0.37933,0.0,0.04009
inseason,sen2sr_lite,barmer_desert,desert,91532_55828,0.07951,0.83104,0.08944,0.00727,0.3728,0.0,0.03675
inseason,sen2sr_lite,barmer_desert,desert,91532_55832,0.27801,0.57206,0.14993,0.00707,0.35536,0.0,0.05661
inseason,sen2sr_lite,barmer_desert,desert,91536_55824,0.25646,0.59681,0.14673,0.00777,0.42296,0.0,0.06874
inseason,sen2sr_lite,barmer_desert,desert,91536_55828,0.2301,0.58734,0.18256,0.00705,0.38001,0.0,0.07001
inseason,sen2sr_lite,wayanad_forest,forest,93244_61248,0.13383,0.24351,0.62266,0.00227,0.47375,0.0,0.10462
inseason,sen2sr_lite,wayanad_forest,forest,93244_61252,0.12888,0.21409,0.65703,0.00223,0.48351,0.0,0.10757
inseason,sen2sr_lite,wayanad_forest,forest,93248_61244,0.06993,0.13239,0.79767,0.00176,0.40849,0.0,0.13186
inseason,sen2sr_lite,wayanad_forest,forest,93248_61248,0.05535,0.13826,0.8064,0.0019,0.44957,0.0,0.11164
inseason,sen2sr_lite,wayanad_forest,forest,93248_61252,0.0689,0.1784,0.7527,0.00204,0.46035,0.0,0.1043
inseason,sen2sr_lite,wayanad_forest,forest,93248_61256,0.09098,0.21407,0.69495,0.00175,0.42072,0.0,0.10244
inseason,sen2sr_lite,wayanad_forest,forest,93252_61240,0.04021,0.07537,0.88442,0.00176,0.49224,0.0,0.12645
inseason,sen2sr_lite,wayanad_forest,forest,93252_61244,0.04394,0.09967,0.85639,0.00199,0.41633,0.0,0.12296
inseason,sen2sr_lite,wayanad_forest,forest,93252_61248,0.04263,0.10505,0.85232,0.00186,0.44351,0.0,0.12182
inseason,sen2sr_lite,wayanad_forest,forest,93252_61252,0.06165,0.13112,0.80722,0.00228,0.47682,0.0,0.11503
inseason,sen2sr_lite,wayanad_forest,forest,93252_61256,0.05543,0.15418,0.79039,0.0019,0.4472,0.0,0.11223
inseason,sen2sr_lite,wayanad_forest,forest,93256_61244,0.05025,0.12887,0.82088,0.00193,0.43196,0.0,0.12029
inseason,sen2sr_lite,wayanad_forest,forest,93256_61248,0.04043,0.08837,0.8712,0.00146,0.43607,0.0,0.12052
inseason,sen2sr_lite,wayanad_forest,forest,93256_61252,0.06018,0.15726,0.78257,0.00211,0.46989,0.0,0.10339
inseason,sen2sr_lite,wayanad_forest,forest,93256_61256,0.07934,0.20765,0.71301,0.00206,0.42868,0.0,0.08777
inseason,sen2sr_lite,wayanad_forest,forest,93260_61248,0.05278,0.12474,0.82248,0.00186,0.44172,0.0,0.11473
inseason,sen2sr_lite,wayanad_forest,forest,93260_61252,0.05506,0.15158,0.79336,0.00201,0.46807,0.0,0.1046
inseason,sen2sr_lite,shillong_hills,hills,98984_55892,0.16897,0.55794,0.27309,0.00515,1.05639,0.02,0.11991
inseason,sen2sr_lite,shillong_hills,hills,98984_55896,0.15427,0.57976,0.26597,0.00507,0.86708,0.0,0.11904
inseason,sen2sr_lite,shillong_hills,hills,98984_55900,0.17036,0.46902,0.36062,0.00484,0.98281,0.0,0.12746
inseason,sen2sr_lite,shillong_hills,hills,98988_55888,0.1632,0.45432,0.38247,0.00497,0.86247,0.02,0.14099
inseason,sen2sr_lite,shillong_hills,hills,98988_55892,0.17176,0.37344,0.4548,0.00376,0.91734,0.0,0.12767
inseason,sen2sr_lite,shillong_hills,hills,98988_55896,0.15339,0.58166,0.26495,0.00512,1.02093,0.0,0.1152
inseason,sen2sr_lite,shillong_hills,hills,98988_55900,0.1697,0.51495,0.31535,0.00529,0.9918,0.0,0.11992
inseason,sen2sr_lite,shillong_hills,hills,98988_55904,0.19936,0.31752,0.48313,0.00317,1.03217,0.0,0.09624
inseason,sen2sr_lite,shillong_hills,hills,98992_55888,0.16677,0.31533,0.5179,0.00369,0.88945,0.0,0.11854
inseason,sen2sr_lite,shillong_hills,hills,98992_55892,0.18566,0.37948,0.43486,0.00348,0.75756,0.0,0.1319
inseason,sen2sr_lite,shillong_hills,hills,98992_55896,0.16031,0.57551,0.26418,0.0052,1.0441,0.0,0.11292
inseason,sen2sr_lite,shillong_hills,hills,98992_55900,0.16024,0.48097,0.35879,0.00543,0.9004,0.0,0.12926
inseason,sen2sr_lite,shillong_hills,hills,98992_55904,0.19941,0.27749,0.5231,0.0025,1.07795,0.0,0.09868
inseason,sen2sr_lite,shillong_hills,hills,98996_55888,0.13844,0.20448,0.65709,0.00244,0.68361,0.0,0.1337
inseason,sen2sr_lite,shillong_hills,hills,98996_55892,0.18108,0.4957,0.32322,0.00525,0.70131,0.0,0.13292
inseason,sen2sr_lite,shillong_hills,hills,98996_55896,0.17864,0.54506,0.27629,0.00468,0.95066,0.0,0.10741
inseason,sen2sr_lite,shillong_hills,hills,98996_55900,0.19796,0.52142,0.28061,0.00584,0.85119,0.0,0.11583
inseason,sen2sr_lite,shillong_hills,hills,99000_55892,0.18879,0.57032,0.24089,0.00376,0.58331,0.0,0.09205
inseason,sen2sr_lite,shillong_hills,hills,99000_55896,0.16226,0.54984,0.2879,0.00484,0.80278,0.0,0.11116
inseason,sen2sr_lite,lachung_sikkim,snow,97836_55036,0.06408,0.10213,0.83379,0.00194,0.48781,0.0,0.45173
inseason,sen2sr_lite,lachung_sikkim,snow,97840_55028,0.06455,0.21087,0.72458,0.00501,0.65063,0.0,0.20405
inseason,sen2sr_lite,lachung_sikkim,snow,97840_55032,0.06995,0.11094,0.81911,0.00184,0.75884,0.0,0.35594
inseason,sen2sr_lite,lachung_sikkim,snow,97840_55036,0.07407,0.17077,0.75516,0.0015,0.39062,0.0,0.38178
inseason,sen2sr_lite,lachung_sikkim,snow,97840_55040,0.12284,0.2547,0.62246,0.00196,0.44324,0.0,0.31521
inseason,sen2sr_lite,lachung_sikkim,snow,97844_55032,0.05807,0.09263,0.84931,0.00149,0.44038,0.0,0.37389
inseason,sen2sr_lite,lachung_sikkim,snow,97844_55036,0.06556,0.20437,0.73006,0.00395,0.55192,0.0,0.22519
inseason,sen2sr_lite,lachung_sikkim,snow,97844_55040,0.04883,0.11007,0.84109,0.0026,0.61216,0.0,0.14482
inseason,sen2sr_lite,lachung_sikkim,snow,97848_55036,0.05076,0.11508,0.83416,0.00312,0.55886,0.0,0.14552
inseason,sen2sr_lite,lachung_sikkim,snow,97848_55040,0.14106,0.26831,0.59063,0.00203,0.862,0.0,0.11667
inseason,sen2sr_lite,lachung_sikkim,snow,97848_55044,0.20017,0.38654,0.41329,0.00194,1.00433,0.0,0.07952
inseason,sen2sr_lite,lachung_sikkim,snow,97852_55036,0.07975,0.16224,0.75801,0.00177,0.59733,0.0,0.14929
inseason,sen2sr_lite,lachung_sikkim,snow,97852_55040,0.24886,0.38113,0.37001,0.00182,0.92475,0.0,0.09851
inseason,ldsr_s2,hyderabad_charminar,urban,94100_59108,0.18332,0.58193,0.23475,0.01091,1.48318,0.0,0.09188
inseason,ldsr_s2,hyderabad_charminar,urban,94100_59112,0.20447,0.58174,0.21379,0.00956,1.34347,0.0,0.08337
inseason,ldsr_s2,hyderabad_charminar,urban,94100_59116,0.22335,0.55115,0.2255,0.01109,1.36215,0.0,0.0899
inseason,ldsr_s2,hyderabad_charminar,urban,94100_59120,0.28142,0.52428,0.1943,0.01119,1.19774,0.0,0.08816
inseason,ldsr_s2,hyderabad_charminar,urban,94104_59108,0.25619,0.53579,0.20801,0.01126,1.33252,0.0,0.09585
inseason,ldsr_s2,hyderabad_charminar,urban,94104_59112,0.2145,0.60107,0.18443,0.00966,1.34816,0.0,0.08227
inseason,ldsr_s2,hyderabad_charminar,urban,94104_59116,0.28915,0.45479,0.25606,0.01133,1.25734,0.0,0.10094
inseason,ldsr_s2,hyderabad_charminar,urban,94104_59120,0.25933,0.51356,0.22711,0.01047,1.26264,0.0,0.09482
inseason,ldsr_s2,hyderabad_charminar,urban,94108_59108,0.20398,0.58699,0.20903,0.0088,1.32088,0.0,0.08654
inseason,ldsr_s2,hyderabad_charminar,urban,94108_59112,0.27693,0.46656,0.25651,0.01129,1.32276,0.0,0.09896
inseason,ldsr_s2,hyderabad_charminar,urban,94108_59116,0.26401,0.46462,0.27136,0.01109,1.26066,0.0,0.09997
inseason,ldsr_s2,hyderabad_charminar,urban,94108_59120,0.28852,0.49015,0.22133,0.01066,1.18319,0.0,0.09427
inseason,ldsr_s2,hyderabad_charminar,urban,94112_59108,0.1989,0.61113,0.18997,0.00952,1.29668,0.0,0.08564
inseason,ldsr_s2,hyderabad_charminar,urban,94112_59112,0.24454,0.54181,0.21365,0.01166,1.31128,0.0,0.09325
inseason,ldsr_s2,hyderabad_charminar,urban,94112_59116,0.29661,0.48595,0.21745,0.01127,1.25345,0.0,0.09661
inseason,ldsr_s2,varanasi_ghats,urban,95748_56004,0.29011,0.38552,0.32436,0.00965,1.30708,0.0,0.10457
inseason,ldsr_s2,varanasi_ghats,urban,95752_56000,0.28305,0.44764,0.26931,0.00917,1.37173,0.0,0.09169
inseason,ldsr_s2,varanasi_ghats,urban,95752_56004,0.28233,0.42528,0.29238,0.00958,1.40324,0.0,0.09578
inseason,ldsr_s2,varanasi_ghats,urban,95752_56008,0.32368,0.47101,0.20532,0.00779,1.13236,0.0,0.09357
inseason,ldsr_s2,varanasi_ghats,urban,95756_55996,0.19056,0.6256,0.18384,0.0114,1.76179,0.0,0.07686
inseason,ldsr_s2,varanasi_ghats,urban,95756_56000,0.28809,0.45187,0.26003,0.00922,1.28045,0.0,0.08894
inseason,ldsr_s2,varanasi_ghats,urban,95756_56004,0.32521,0.41258,0.26221,0.0094,1.26833,0.0,0.09952
inseason,ldsr_s2,varanasi_ghats,urban,95756_56008,0.3063,0.5017,0.19199,0.00674,0.96027,0.0,0.07721
inseason,ldsr_s2,varanasi_ghats,urban,95756_56012,0.32202,0.42564,0.25234,0.00583,0.87906,0.0,0.06859
inseason,ldsr_s2,varanasi_ghats,urban,95760_55996,0.20501,0.53452,0.26047,0.0099,1.71177,0.0,0.08547
inseason,ldsr_s2,varanasi_ghats,urban,95760_56000,0.18984,0.54683,0.26334,0.00958,1.5775,0.0,0.07942
inseason,ldsr_s2,varanasi_ghats,urban,95760_56004,0.10937,0.15701,0.73362,0.00504,0.81929,0.0,0.09083
inseason,ldsr_s2,varanasi_ghats,urban,95760_56008,0.27786,0.23659,0.48556,0.00487,0.88243,0.0,0.05777
inseason,ldsr_s2,varanasi_ghats,urban,95760_56012,0.15778,0.40979,0.43243,0.00467,0.77224,0.0,0.0583
inseason,ldsr_s2,varanasi_ghats,urban,95764_56000,0.16062,0.43098,0.40839,0.00582,1.21339,0.0,0.06821
inseason,ldsr_s2,varanasi_ghats,urban,95764_56004,0.14963,0.46812,0.38226,0.00714,1.72262,0.0,0.08559
inseason,ldsr_s2,varanasi_ghats,urban,95764_56008,0.15151,0.57595,0.27254,0.00591,1.52034,0.0,0.07273
inseason,ldsr_s2,thanjavur_paddy,farmland,94340_61580,0.10075,0.23216,0.66709,0.01144,1.92759,0.0,0.13362
inseason,ldsr_s2,thanjavur_paddy,farmland,94340_61584,0.08207,0.48377,0.43416,0.02109,2.67825,0.0,0.05758
inseason,ldsr_s2,thanjavur_paddy,farmland,94340_61588,0.10349,0.50228,0.39422,0.02113,2.73244,0.0,0.0594
inseason,ldsr_s2,thanjavur_paddy,farmland,94344_61576,0.06772,0.25944,0.67284,0.00723,1.72772,0.0,0.10599
inseason,ldsr_s2,thanjavur_paddy,farmland,94344_61580,0.06068,0.21783,0.72148,0.01439,2.23199,0.0,0.06359
inseason,ldsr_s2,thanjavur_paddy,farmland,94344_61584,0.07516,0.36113,0.56371,0.01838,2.75315,0.0,0.05906
inseason,ldsr_s2,thanjavur_paddy,farmland,94344_61588,0.08326,0.4387,0.47804,0.01786,2.53636,0.0,0.0586
inseason,ldsr_s2,thanjavur_paddy,farmland,94344_61592,0.07354,0.3328,0.59365,0.01812,2.85638,0.0,0.06001
inseason,ldsr_s2,thanjavur_paddy,farmland,94348_61576,0.05858,0.18005,0.76137,0.01636,2.14449,0.0,0.09976
inseason,ldsr_s2,thanjavur_paddy,farmland,94348_61580,0.06561,0.48615,0.44824,0.01897,2.47855,0.0,0.04657
inseason,ldsr_s2,thanjavur_paddy,farmland,94348_61584,0.06949,0.37351,0.557,0.0203,2.74827,0.02,0.05607
inseason,ldsr_s2,thanjavur_paddy,farmland,94348_61588,0.09958,0.54562,0.3548,0.02043,2.70004,0.0,0.05254
inseason,ldsr_s2,thanjavur_paddy,farmland,94348_61592,0.12306,0.60068,0.27625,0.02434,2.90166,0.0,0.05763
inseason,ldsr_s2,thanjavur_paddy,farmland,94352_61576,0.10861,0.37713,0.51426,0.00538,1.2574,0.0,0.11511
inseason,ldsr_s2,thanjavur_paddy,farmland,94352_61580,0.07751,0.34717,0.57532,0.01275,1.9415,0.0,0.07307
inseason,ldsr_s2,thanjavur_paddy,farmland,94352_61584,0.0494,0.17103,0.77958,0.01826,2.6972,0.0,0.06328
inseason,ldsr_s2,thanjavur_paddy,farmland,94352_61588,0.07482,0.41181,0.51337,0.01834,2.58737,0.0,0.05398
inseason,ldsr_s2,thanjavur_paddy,farmland,94356_61580,0.20801,0.46218,0.32981,0.00771,1.52823,0.0,0.08026
inseason,ldsr_s2,thanjavur_paddy,farmland,94356_61584,0.03728,0.06064,0.90208,0.00836,2.73607,0.0,0.06539
inseason,ldsr_s2,barmer_desert,desert,91520_55824,0.21332,0.6035,0.18317,0.00687,0.94071,0.0,0.06905
inseason,ldsr_s2,barmer_desert,desert,91520_55828,0.22026,0.65546,0.12428,0.00598,0.87162,0.0,0.07744
inseason,ldsr_s2,barmer_desert,desert,91524_55820,0.28015,0.5264,0.19345,0.01024,1.0326,0.0,0.07388
inseason,ldsr_s2,barmer_desert,desert,91524_55824,0.2591,0.49793,0.24297,0.01214,1.47934,0.0,0.08007
inseason,ldsr_s2,barmer_desert,desert,91524_55828,0.24475,0.59078,0.16446,0.01244,1.28129,0.0,0.07487
inseason,ldsr_s2,barmer_desert,desert,91524_55832,0.30643,0.49835,0.19521,0.01096,1.13277,0.0,0.07742
inseason,ldsr_s2,barmer_desert,desert,91528_55816,0.29684,0.49796,0.20521,0.01054,1.1157,0.0,0.0666
inseason,ldsr_s2,barmer_desert,desert,91528_55820,0.26653,0.54888,0.1846,0.01381,1.54523,0.0,0.06689
inseason,ldsr_s2,barmer_desert,desert,91528_55824,0.20815,0.60481,0.18704,0.01281,1.59039,0.0,0.05878
inseason,ldsr_s2,barmer_desert,desert,91528_55828,0.27489,0.57731,0.1478,0.017,1.58208,0.0,0.07597
inseason,ldsr_s2,barmer_desert,desert,91528_55832,0.35717,0.44204,0.20079,0.01419,1.21051,0.0,0.09712
inseason,ldsr_s2,barmer_desert,desert,91532_55820,0.15256,0.73689,0.11055,0.00949,1.16225,0.0,0.04799
inseason,ldsr_s2,barmer_desert,desert,91532_55824,0.15892,0.72745,0.11362,0.01044,1.21808,0.0,0.04574
inseason,ldsr_s2,barmer_desert,desert,91532_55828,0.10437,0.76942,0.12621,0.01106,1.16657,0.0,0.04269
inseason,ldsr_s2,barmer_desert,desert,91532_55832,0.27916,0.55744,0.16339,0.0115,1.14134,0.0,0.06074
inseason,ldsr_s2,barmer_desert,desert,91536_55824,0.27517,0.56486,0.15997,0.01322,1.28951,0.0,0.07353
inseason,ldsr_s2,barmer_desert,desert,91536_55828,0.25401,0.54768,0.19831,0.01116,1.20637,0.0,0.07353
inseason,ldsr_s2,wayanad_forest,forest,93244_61248,0.13557,0.22572,0.63871,0.0042,1.46396,0.0,0.10462
inseason,ldsr_s2,wayanad_forest,forest,93244_61252,0.13584,0.19644,0.66772,0.00435,1.49885,0.0,0.10764
inseason,ldsr_s2,wayanad_forest,forest,93248_61244,0.08027,0.12731,0.79242,0.00419,1.37127,0.0,0.13195
inseason,ldsr_s2,wayanad_forest,forest,93248_61248,0.0619,0.13252,0.80558,0.00421,1.40404,0.0,0.1117
inseason,ldsr_s2,wayanad_forest,forest,93248_61252,0.07484,0.17216,0.75301,0.00431,1.41597,0.0,0.10433
inseason,ldsr_s2,wayanad_forest,forest,93248_61256,0.1003,0.20702,0.69269,0.00417,1.3809,0.0,0.10245
inseason,ldsr_s2,wayanad_forest,forest,93252_61240,0.05013,0.07133,0.87854,0.00397,1.4757,0.02,0.12659
inseason,ldsr_s2,wayanad_forest,forest,93252_61244,0.04345,0.09518,0.86137,0.00418,1.28126,0.0,0.12302
inseason,ldsr_s2,wayanad_forest,forest,93252_61248,0.04322,0.10243,0.85435,0.0041,1.34564,0.0,0.12185
inseason,ldsr_s2,wayanad_forest,forest,93252_61252,0.08447,0.12116,0.79437,0.00479,1.41354,0.0,0.11496
inseason,ldsr_s2,wayanad_forest,forest,93252_61256,0.07203,0.14632,0.78165,0.00427,1.34621,0.0,0.11223
inseason,ldsr_s2,wayanad_forest,forest,93256_61244,0.05676,0.12513,0.81811,0.00423,1.38524,0.0,0.12027
inseason,ldsr_s2,wayanad_forest,forest,93256_61248,0.04406,0.08749,0.86845,0.00385,1.43763,0.0,0.12057
inseason,ldsr_s2,wayanad_forest,forest,93256_61252,0.07095,0.14939,0.77966,0.00458,1.43876,0.0,0.10344
inseason,ldsr_s2,wayanad_forest,forest,93256_61256,0.07948,0.20087,0.71965,0.00438,1.32358,0.0,0.08774
inseason,ldsr_s2,wayanad_forest,forest,93260_61248,0.05851,0.12063,0.82086,0.00416,1.369,0.0,0.11474
inseason,ldsr_s2,wayanad_forest,forest,93260_61252,0.05639,0.14724,0.79637,0.00433,1.41776,0.0,0.10458
inseason,ldsr_s2,shillong_hills,hills,98984_55892,0.17772,0.52145,0.30083,0.00908,2.72465,0.04,0.1206
inseason,ldsr_s2,shillong_hills,hills,98984_55896,0.16557,0.5297,0.30473,0.00892,2.4421,0.0,0.11986
inseason,ldsr_s2,shillong_hills,hills,98984_55900,0.16892,0.43412,0.39696,0.00816,2.60395,0.0,0.1278
inseason,ldsr_s2,shillong_hills,hills,98988_55888,0.16901,0.41362,0.41737,0.00881,2.36716,0.02,0.14159
inseason,ldsr_s2,shillong_hills,hills,98988_55892,0.16388,0.35104,0.48509,0.00655,2.50472,0.0,0.12782
inseason,ldsr_s2,shillong_hills,hills,98988_55896,0.15704,0.541,0.30195,0.00868,2.79474,0.0,0.1157
inseason,ldsr_s2,shillong_hills,hills,98988_55900,0.16826,0.47666,0.35508,0.0088,2.7168,0.0,0.12042
inseason,ldsr_s2,shillong_hills,hills,98988_55904,0.21487,0.27347,0.51167,0.00602,2.86273,0.0,0.09681
inseason,ldsr_s2,shillong_hills,hills,98992_55888,0.16219,0.27731,0.5605,0.00666,2.45102,0.0,0.11921
inseason,ldsr_s2,shillong_hills,hills,98992_55892,0.17236,0.35783,0.46981,0.00623,2.18282,0.0,0.13185
inseason,ldsr_s2,shillong_hills,hills,98992_55896,0.17071,0.53476,0.29453,0.0087,2.84135,0.02,0.11377
inseason,ldsr_s2,shillong_hills,hills,98992_55900,0.16305,0.43999,0.39696,0.00942,2.50497,0.0,0.12993
inseason,ldsr_s2,shillong_hills,hills,98992_55904,0.21413,0.23956,0.54632,0.0049,2.94819,0.02,0.0991
inseason,ldsr_s2,shillong_hills,hills,98996_55888,0.14804,0.18436,0.6676,0.00461,1.99922,0.0,0.13407
inseason,ldsr_s2,shillong_hills,hills,98996_55892,0.19241,0.45299,0.35461,0.0089,1.95802,0.0,0.13409
inseason,ldsr_s2,shillong_hills,hills,98996_55896,0.17685,0.51533,0.30782,0.00806,2.58137,0.0,0.10795
inseason,ldsr_s2,shillong_hills,hills,98996_55900,0.20811,0.48287,0.30902,0.01013,2.34176,0.0,0.11732
inseason,ldsr_s2,shillong_hills,hills,99000_55892,0.19142,0.54505,0.26354,0.00667,1.84971,0.0,0.09252
inseason,ldsr_s2,shillong_hills,hills,99000_55896,0.16908,0.51468,0.31624,0.00841,2.22808,0.0,0.11169
inseason,ldsr_s2,lachung_sikkim,snow,97836_55036,0.06403,0.10203,0.83393,0.00394,1.87766,0.0,0.45171
inseason,ldsr_s2,lachung_sikkim,snow,97840_55028,0.06563,0.21319,0.72118,0.00702,1.67341,0.0,0.20435
inseason,ldsr_s2,lachung_sikkim,snow,97840_55032,0.07013,0.11283,0.81704,0.00362,2.46133,0.0,0.35603
inseason,ldsr_s2,lachung_sikkim,snow,97840_55036,0.0747,0.17238,0.75292,0.00301,1.41992,0.0,0.38146
inseason,ldsr_s2,lachung_sikkim,snow,97840_55040,0.14687,0.24052,0.61262,0.0041,1.71232,0.0,0.31487
inseason,ldsr_s2,lachung_sikkim,snow,97844_55032,0.05793,0.09295,0.84912,0.00319,1.75321,0.02,0.37391
inseason,ldsr_s2,lachung_sikkim,snow,97844_55036,0.06484,0.19904,0.73612,0.0064,1.76178,0.0,0.22515
inseason,ldsr_s2,lachung_sikkim,snow,97844_55040,0.05135,0.10763,0.84102,0.00479,2.0967,0.0,0.14489
inseason,ldsr_s2,lachung_sikkim,snow,97848_55036,0.05604,0.11022,0.83373,0.0056,1.80472,0.0,0.1455
inseason,ldsr_s2,lachung_sikkim,snow,97848_55040,0.13886,0.26198,0.59915,0.00403,2.69357,0.0,0.11669
inseason,ldsr_s2,lachung_sikkim,snow,97848_55044,0.20115,0.32752,0.47133,0.00369,3.05723,0.0,0.08004
inseason,ldsr_s2,lachung_sikkim,snow,97852_55036,0.08884,0.15874,0.75243,0.00455,2.3962,0.0,0.14934
inseason,ldsr_s2,lachung_sikkim,snow,97852_55040,0.24836,0.37223,0.3794,0.00409,2.98923,0.0,0.09856
inseason,realesrgan_general,hyderabad_charminar,urban,94100_59108,0.20176,0.55904,0.2392,0.01968,2.21933,0.02,0.09409
inseason,realesrgan_general,hyderabad_charminar,urban,94100_59112,0.2176,0.56308,0.21932,0.01811,2.09986,0.02828,0.0852
inseason,realesrgan_general,hyderabad_charminar,urban,94100_59116,0.22004,0.54543,0.23453,0.01731,1.90436,0.02,0.09057
inseason,realesrgan_general,hyderabad_charminar,urban,94100_59120,0.27861,0.53288,0.18851,0.01742,1.90046,0.02,0.08932
inseason,realesrgan_general,hyderabad_charminar,urban,94104_59108,0.25492,0.53355,0.21153,0.01758,1.99012,0.02,0.0973
inseason,realesrgan_general,hyderabad_charminar,urban,94104_59112,0.21779,0.57766,0.20455,0.01721,2.16478,0.04,0.08408
inseason,realesrgan_general,hyderabad_charminar,urban,94104_59116,0.28923,0.453,0.25777,0.01731,2.00237,0.02,0.10241
inseason,realesrgan_general,hyderabad_charminar,urban,94104_59120,0.25858,0.50502,0.2364,0.01749,2.09718,0.02,0.09636
inseason,realesrgan_general,hyderabad_charminar,urban,94108_59108,0.2036,0.57533,0.22108,0.01611,1.98722,0.02,0.08771
inseason,realesrgan_general,hyderabad_charminar,urban,94108_59112,0.27201,0.4633,0.26469,0.01713,2.02761,0.04,0.10042
inseason,realesrgan_general,hyderabad_charminar,urban,94108_59116,0.27316,0.44818,0.27867,0.01736,2.00319,0.02,0.10253
inseason,realesrgan_general,hyderabad_charminar,urban,94108_59120,0.28751,0.49131,0.22118,0.01759,2.01254,0.02,0.09511
inseason,realesrgan_general,hyderabad_charminar,urban,94112_59108,0.21619,0.57465,0.20916,0.01877,2.1845,0.04,0.08863
inseason,realesrgan_general,hyderabad_charminar,urban,94112_59112,0.26171,0.51955,0.21874,0.01751,2.04046,0.04,0.09652
inseason,realesrgan_general,hyderabad_charminar,urban,94112_59116,0.29952,0.4832,0.21728,0.01671,1.93135,0.02,0.09824
inseason,realesrgan_general,varanasi_ghats,urban,95748_56004,0.26129,0.47894,0.25977,0.0166,2.17712,0.02,0.09538
inseason,realesrgan_general,varanasi_ghats,urban,95752_56000,0.29157,0.44731,0.26113,0.01615,2.15428,0.04472,0.09383
inseason,realesrgan_general,varanasi_ghats,urban,95752_56004,0.28083,0.44024,0.27893,0.01732,2.25049,0.02,0.09578
inseason,realesrgan_general,varanasi_ghats,urban,95752_56008,0.30952,0.53373,0.15675,0.01401,1.74431,0.02828,0.08715
inseason,realesrgan_general,varanasi_ghats,urban,95756_55996,0.20883,0.60895,0.18222,0.01889,2.43302,0.02,0.07895
inseason,realesrgan_general,varanasi_ghats,urban,95756_56000,0.29829,0.42544,0.27627,0.01563,2.00348,0.02828,0.09456
inseason,realesrgan_general,varanasi_ghats,urban,95756_56004,0.28716,0.45978,0.25306,0.01599,2.01839,0.02828,0.0952
inseason,realesrgan_general,varanasi_ghats,urban,95756_56008,0.32957,0.4778,0.19263,0.01138,1.39397,0.02,0.08275
inseason,realesrgan_general,varanasi_ghats,urban,95756_56012,0.3775,0.3951,0.2274,0.01104,1.45963,0.04472,0.07258
inseason,realesrgan_general,varanasi_ghats,urban,95760_55996,0.19834,0.54381,0.25786,0.01895,2.35384,0.02,0.08646
inseason,realesrgan_general,varanasi_ghats,urban,95760_56000,0.19171,0.5418,0.26649,0.01601,2.2475,0.04472,0.08134
inseason,realesrgan_general,varanasi_ghats,urban,95760_56004,0.10701,0.15603,0.73696,0.01023,1.06351,0.02828,0.09096
inseason,realesrgan_general,varanasi_ghats,urban,95760_56008,0.29888,0.24217,0.45895,0.00929,1.04136,0.02,0.05813
inseason,realesrgan_general,varanasi_ghats,urban,95760_56012,0.19034,0.36779,0.44187,0.0094,1.04759,0.02828,0.05925
inseason,realesrgan_general,varanasi_ghats,urban,95764_56000,0.14722,0.43822,0.41456,0.01201,1.70841,0.02828,0.07
inseason,realesrgan_general,varanasi_ghats,urban,95764_56004,0.15011,0.4359,0.41399,0.0188,2.39161,0.04472,0.08774
inseason,realesrgan_general,varanasi_ghats,urban,95764_56008,0.16078,0.58859,0.25062,0.01498,2.2651,0.02828,0.07416
inseason,realesrgan_general,thanjavur_paddy,farmland,94340_61580,0.08234,0.25272,0.66495,0.0155,2.35951,0.04472,0.13084
inseason,realesrgan_general,thanjavur_paddy,farmland,94340_61584,0.06483,0.54543,0.38974,0.02364,2.84093,0.02,0.04782
inseason,realesrgan_general,thanjavur_paddy,farmland,94340_61588,0.08769,0.59178,0.32054,0.02334,2.99398,0.02,0.05022
inseason,realesrgan_general,thanjavur_paddy,farmland,94344_61576,0.0648,0.26319,0.67201,0.01315,2.3354,0.0,0.10636
inseason,realesrgan_general,thanjavur_paddy,farmland,94344_61580,0.06122,0.23049,0.70829,0.01957,2.77675,0.04472,0.05974
inseason,realesrgan_general,thanjavur_paddy,farmland,94344_61584,0.06722,0.41646,0.51631,0.02175,3.16943,0.02828,0.05261
inseason,realesrgan_general,thanjavur_paddy,farmland,94344_61588,0.09187,0.50377,0.40436,0.02204,3.04268,0.02,0.05356
inseason,realesrgan_general,thanjavur_paddy,farmland,94344_61592,0.08324,0.38556,0.5312,0.02213,3.39606,0.02,0.0537
inseason,realesrgan_general,thanjavur_paddy,farmland,94348_61576,0.05693,0.18159,0.76147,0.01958,2.51228,0.02828,0.09627
inseason,realesrgan_general,thanjavur_paddy,farmland,94348_61580,0.06574,0.5297,0.40456,0.02232,2.85981,0.02828,0.03829
inseason,realesrgan_general,thanjavur_paddy,farmland,94348_61584,0.06834,0.41687,0.51478,0.02354,3.2526,0.02828,0.04733
inseason,realesrgan_general,thanjavur_paddy,farmland,94348_61588,0.08842,0.61803,0.29356,0.02376,3.12003,0.02,0.04487
inseason,realesrgan_general,thanjavur_paddy,farmland,94348_61592,0.09342,0.69744,0.20914,0.02639,3.07222,0.02,0.0448
inseason,realesrgan_general,thanjavur_paddy,farmland,94352_61576,0.11384,0.37751,0.50864,0.0091,1.5856,0.02,0.11547
inseason,realesrgan_general,thanjavur_paddy,farmland,94352_61580,0.07866,0.37067,0.55067,0.01636,2.35243,0.04472,0.07091
inseason,realesrgan_general,thanjavur_paddy,farmland,94352_61584,0.04896,0.18688,0.76416,0.02223,3.21584,0.02828,0.05556
inseason,realesrgan_general,thanjavur_paddy,farmland,94352_61588,0.07562,0.45497,0.4694,0.02261,3.07419,0.02828,0.04837
inseason,realesrgan_general,thanjavur_paddy,farmland,94356_61580,0.22405,0.45151,0.32444,0.01333,1.99033,0.04472,0.08109
inseason,realesrgan_general,thanjavur_paddy,farmland,94356_61584,0.03732,0.06004,0.90264,0.01315,3.95059,0.02,0.06569
inseason,realesrgan_general,barmer_desert,desert,91520_55824,0.22153,0.61913,0.15934,0.01242,1.65486,0.04,0.06932
inseason,realesrgan_general,barmer_desert,desert,91520_55828,0.22938,0.66299,0.10763,0.013,2.01388,0.04472,0.07846
inseason,realesrgan_general,barmer_desert,desert,91524_55820,0.27696,0.5371,0.18593,0.0155,1.54016,0.04,0.07349
inseason,realesrgan_general,barmer_desert,desert,91524_55824,0.2249,0.5611,0.214,0.01857,1.96312,0.02,0.07091
inseason,realesrgan_general,barmer_desert,desert,91524_55828,0.23074,0.61453,0.15473,0.01704,1.75206,0.04,0.07165
inseason,realesrgan_general,barmer_desert,desert,91524_55832,0.29605,0.48555,0.21841,0.01643,1.58412,0.04,0.08225
inseason,realesrgan_general,barmer_desert,desert,91528_55816,0.29642,0.49881,0.20478,0.0152,1.62039,0.04,0.06727
inseason,realesrgan_general,barmer_desert,desert,91528_55820,0.25206,0.56723,0.18071,0.01773,1.88124,0.02,0.06406
inseason,realesrgan_general,barmer_desert,desert,91528_55824,0.19741,0.61857,0.18402,0.01831,1.84691,0.02,0.05727
inseason,realesrgan_general,barmer_desert,desert,91528_55828,0.26036,0.59573,0.1439,0.02113,1.83326,0.04,0.07225
inseason,realesrgan_general,barmer_desert,desert,91528_55832,0.35993,0.4554,0.18467,0.01997,1.56134,0.04,0.09295
inseason,realesrgan_general,barmer_desert,desert,91532_55820,0.14397,0.74955,0.10648,0.01501,1.83523,0.02,0.0476
inseason,realesrgan_general,barmer_desert,desert,91532_55824,0.15288,0.73388,0.11324,0.0156,1.6262,0.02,0.04491
inseason,realesrgan_general,barmer_desert,desert,91532_55828,0.10657,0.78426,0.10917,0.01694,1.44796,0.04,0.04096
inseason,realesrgan_general,barmer_desert,desert,91532_55832,0.28609,0.56902,0.14489,0.01624,1.45738,0.02,0.05919
inseason,realesrgan_general,barmer_desert,desert,91536_55824,0.26321,0.5856,0.15118,0.01639,1.5922,0.04,0.07157
inseason,realesrgan_general,barmer_desert,desert,91536_55828,0.24931,0.5661,0.18459,0.01489,1.58374,0.02,0.07217
inseason,realesrgan_general,wayanad_forest,forest,93244_61248,0.13691,0.225,0.63809,0.0106,2.45205,0.02828,0.10559
inseason,realesrgan_general,wayanad_forest,forest,93244_61252,0.12172,0.19065,0.68763,0.01025,2.51854,0.02828,0.10875
inseason,realesrgan_general,wayanad_forest,forest,93248_61244,0.08377,0.12438,0.79185,0.00767,1.82798,0.04,0.13297
inseason,realesrgan_general,wayanad_forest,forest,93248_61248,0.06954,0.13677,0.79368,0.00841,1.9514,0.06,0.11269
inseason,realesrgan_general,wayanad_forest,forest,93248_61252,0.07387,0.18679,0.73934,0.00961,2.12572,0.04,0.10494
inseason,realesrgan_general,wayanad_forest,forest,93248_61256,0.09181,0.22343,0.68476,0.00763,1.89923,0.02828,0.10279
inseason,realesrgan_general,wayanad_forest,forest,93252_61240,0.04963,0.0734,0.87696,0.00829,2.09342,0.02828,0.12766
inseason,realesrgan_general,wayanad_forest,forest,93252_61244,0.04389,0.10232,0.85378,0.00836,1.81532,0.02,0.12348
inseason,realesrgan_general,wayanad_forest,forest,93252_61248,0.04338,0.1145,0.84212,0.00825,1.90351,0.02828,0.12228
inseason,realesrgan_general,wayanad_forest,forest,93252_61252,0.09227,0.11757,0.79016,0.01059,2.21652,0.06,0.11619
inseason,realesrgan_general,wayanad_forest,forest,93252_61256,0.08142,0.15148,0.7671,0.00872,1.95934,0.04,0.11323
inseason,realesrgan_general,wayanad_forest,forest,93256_61244,0.05266,0.13309,0.81425,0.00885,2.02925,0.04,0.12111
inseason,realesrgan_general,wayanad_forest,forest,93256_61248,0.04371,0.09787,0.85841,0.00694,1.90823,0.04472,0.12095
inseason,realesrgan_general,wayanad_forest,forest,93256_61252,0.06808,0.17579,0.75613,0.00944,2.02679,0.04,0.10378
inseason,realesrgan_general,wayanad_forest,forest,93256_61256,0.07567,0.20895,0.71538,0.00935,2.0372,0.04,0.08843
inseason,realesrgan_general,wayanad_forest,forest,93260_61248,0.06364,0.13318,0.80318,0.00895,2.01033,0.04472,0.11525
inseason,realesrgan_general,wayanad_forest,forest,93260_61252,0.05731,0.15985,0.78284,0.00939,2.10808,0.05657,0.10551
inseason,realesrgan_general,shillong_hills,hills,98984_55892,0.19262,0.46108,0.3463,0.02301,3.92242,0.04,0.12275
inseason,realesrgan_general,shillong_hills,hills,98984_55896,0.17194,0.49905,0.32901,0.02356,3.41651,0.02,0.1215
inseason,realesrgan_general,shillong_hills,hills,98984_55900,0.18097,0.39769,0.42134,0.02041,3.51956,0.02,0.12928
inseason,realesrgan_general,shillong_hills,hills,98988_55888,0.17451,0.37493,0.45056,0.02035,3.02821,0.02828,0.1432
inseason,realesrgan_general,shillong_hills,hills,98988_55892,0.18834,0.3127,0.49896,0.01745,3.38446,0.04,0.12963
inseason,realesrgan_general,shillong_hills,hills,98988_55896,0.18466,0.48744,0.3279,0.02218,3.8969,0.02,0.11836
inseason,realesrgan_general,shillong_hills,hills,98988_55900,0.19465,0.4318,0.37355,0.02181,3.64445,0.04472,0.12282
inseason,realesrgan_general,shillong_hills,hills,98988_55904,0.26887,0.24277,0.48836,0.01408,3.74497,0.02828,0.09937
inseason,realesrgan_general,shillong_hills,hills,98992_55888,0.18511,0.22995,0.58494,0.01591,3.07586,0.04,0.12112
inseason,realesrgan_general,shillong_hills,hills,98992_55892,0.17935,0.3232,0.49745,0.01553,2.94738,0.02828,0.1334
inseason,realesrgan_general,shillong_hills,hills,98992_55896,0.19326,0.48836,0.31838,0.02044,3.88061,0.04,0.11629
inseason,realesrgan_general,shillong_hills,hills,98992_55900,0.19821,0.3557,0.44609,0.02468,3.54507,0.04472,0.13354
inseason,realesrgan_general,shillong_hills,hills,98992_55904,0.2587,0.21373,0.52757,0.01087,3.89648,0.02,0.10219
inseason,realesrgan_general,shillong_hills,hills,98996_55888,0.15069,0.13815,0.71116,0.01112,2.54248,0.04,0.1369
inseason,realesrgan_general,shillong_hills,hills,98996_55892,0.18471,0.44375,0.37154,0.01909,2.6432,0.02,0.13575
inseason,realesrgan_general,shillong_hills,hills,98996_55896,0.18814,0.47774,0.33412,0.02022,3.54387,0.04472,0.11029
inseason,realesrgan_general,shillong_hills,hills,98996_55900,0.22378,0.44162,0.33461,0.02614,3.12712,0.02828,0.12073
inseason,realesrgan_general,shillong_hills,hills,99000_55892,0.19562,0.51629,0.28809,0.01656,2.60285,0.06,0.09521
inseason,realesrgan_general,shillong_hills,hills,99000_55896,0.16984,0.4734,0.35676,0.02112,3.14073,0.02,0.11355
inseason,realesrgan_general,lachung_sikkim,snow,97836_55036,0.06519,0.10629,0.82852,0.0095,2.40122,0.04472,0.45221
inseason,realesrgan_general,lachung_sikkim,snow,97840_55028,0.06294,0.19889,0.73817,0.0121,2.34685,0.04,0.20432
inseason,realesrgan_general,lachung_sikkim,snow,97840_55032,0.0676,0.10772,0.82467,0.0083,3.06137,0.04,0.35716
inseason,realesrgan_general,lachung_sikkim,snow,97840_55036,0.07244,0.16552,0.76204,0.00773,2.15206,0.02,0.38179
inseason,realesrgan_general,lachung_sikkim,snow,97840_55040,0.12272,0.25905,0.61823,0.00952,2.33147,0.02828,0.31528
inseason,realesrgan_general,lachung_sikkim,snow,97844_55032,0.05764,0.09314,0.84922,0.00712,2.24312,0.02,0.3742
inseason,realesrgan_general,lachung_sikkim,snow,97844_55036,0.0612,0.17702,0.76178,0.01557,2.22987,0.02828,0.22555
inseason,realesrgan_general,lachung_sikkim,snow,97844_55040,0.04552,0.10278,0.85169,0.01455,2.90956,0.05657,0.14529
inseason,realesrgan_general,lachung_sikkim,snow,97848_55036,0.0501,0.1007,0.8492,0.014,2.67789,0.02828,0.14552
inseason,realesrgan_general,lachung_sikkim,snow,97848_55040,0.14064,0.25241,0.60695,0.01364,3.92892,0.04,0.11788
inseason,realesrgan_general,lachung_sikkim,snow,97848_55044,0.21525,0.33932,0.44544,0.01469,4.47979,0.04472,0.08298
inseason,realesrgan_general,lachung_sikkim,snow,97852_55036,0.07355,0.15465,0.7718,0.01156,3.04091,0.0,0.14943
inseason,realesrgan_general,lachung_sikkim,snow,97852_55040,0.24729,0.35187,0.40084,0.01178,3.89942,0.04472,0.10012
